,salary,id,gender,children,duration,year,age
1,64579.24914,1,Male,4,1,2001,34
2,105744.1637,2,Female,1,1,2001,59
3,503045.3476,3,Non-binary,5,19,2001,40
4,55883.93989,4,Male,4,1,2001,64
5,25459.80229,5,Non-binary,3,1,2001,67
6,66364.25636,6,Male,3,1,2001,21
7,15348.95856,7,Female,3,1,2001,46
8,15793.01795,8,Male,3,6,2001,65
9,31487.18685,9,Non-binary,3,1,2001,47
10,19616.67912,10,Female,4,15,2001,42
11,55878.41439,11,Female,4,1,2001,68
12,38673.33281,12,Male,4,16,2001,42
13,279486.4473,13,Non-binary,3,20,2001,54
14,70539.81309,14,Non-binary,3,1,2001,48
15,7923.610325,15,Male,3,12,2001,24
16,52570.72297,16,Non-binary,1,1,2001,65
17,13962.74532,17,Female,3,1,2001,32
18,90583.85704,18,Female,0,1,2001,21
19,25060.22004,19,Male,5,4,2001,36
20,305227.8351,20,Female,2,25,2001,68
21,189050.0679,21,Non-binary,4,1,2001,64
22,92532.12324,22,Male,4,13,2001,54
23,192414.3089,23,Female,3,10,2001,52
24,124542.6898,24,Female,2,18,2001,70
25,9434.716508,25,Female,3,1,2001,52
26,244799.609,26,Male,3,1,2001,55
27,148687.5457,27,Male,5,17,2001,47
28,101454.5769,28,Male,2,1,2001,49
29,479122.334,29,Male,4,1,2001,34
30,141400.2842,30,Female,2,13,2001,27
31,49443.40897,31,Male,4,1,2001,68
32,64098.52557,32,Male,1,12,2001,65
33,240110.125,33,Non-binary,1,22,2001,54
34,43171.53826,34,Female,4,1,2001,60
35,204795.8456,35,Female,1,1,2001,20
36,76352.55325,36,Female,4,1,2001,43
37,265040.4631,37,Non-binary,5,7,2001,58
38,1541630.53,38,Male,3,1,2001,30
39,105687.6431,39,Non-binary,3,12,2001,35
40,84214.30548,40,Non-binary,2,1,2001,31
41,92028.47876,41,Non-binary,0,3,2001,26
42,172939.0515,42,Male,5,1,2001,40
43,40768.27033,43,Non-binary,5,1,2001,40
44,26181.40707,44,Male,4,1,2001,38
45,31571.27019,45,Non-binary,0,2,2001,27
46,104812.9953,46,Female,2,1,2001,26
47,975035.6568,47,Male,3,15,2001,31
48,150808.3391,48,Female,2,1,2001,43
49,108518.6235,49,Male,3,1,2001,33
50,28531.15532,50,Female,1,23,2001,63
51,69862.92342,51,Female,3,1,2001,21
52,168502.7162,52,Female,5,1,2001,42
53,21938.85588,53,Female,1,29,2001,60
54,111085.5707,54,Male,2,11,2001,25
55,396356.1084,55,Non-binary,1,8,2001,48
56,22876.72915,56,Non-binary,2,12,2001,30
57,70538.13876,57,Female,2,13,2001,26
58,33382.00575,58,Female,5,22,2001,57
59,342941.6169,59,Male,2,1,2001,65
60,7388.959091,60,Male,1,16,2001,38
61,142437.3462,61,Female,3,1,2001,53
62,39993.64344,62,Non-binary,1,2,2001,24
63,65842.96328,63,Female,2,8,2001,39
64,33764.53984,64,Female,3,10,2001,33
65,263116.0251,65,Male,1,1,2001,61
66,29393.49808,66,Female,1,1,2001,42
67,154383.1568,67,Female,2,21,2001,60
68,144153.5417,68,Non-binary,0,1,2001,60
69,25939.20912,69,Female,2,1,2001,60
70,82792.72767,70,Female,1,15,2001,41
71,253832.6074,71,Male,4,26,2001,57
72,142105.2769,72,Male,2,15,2001,51
73,34478.46607,73,Female,1,4,2001,55
74,64823.93066,74,Non-binary,2,8,2001,19
75,143258.2222,75,Male,4,19,2001,43
76,412067.1809,76,Male,0,7,2001,30
77,6271.082994,77,Female,5,5,2001,38
78,62913.81692,78,Male,4,8,2001,50
79,57525.63055,79,Female,1,2,2001,37
80,27124.08484,80,Male,2,8,2001,25
81,87109.80695,81,Female,3,10,2001,31
82,19840.99491,82,Female,4,17,2001,53
83,87191.16125,83,Female,1,19,2001,40
84,59664.26637,84,Female,4,14,2001,59
85,1755740.974,85,Male,0,4,2001,24
86,120304.1253,86,Non-binary,3,12,2001,41
87,115838.3393,87,Non-binary,3,3,2001,69
88,46153.30764,88,Female,1,23,2001,65
89,41481.27496,89,Male,1,1,2001,64
90,3598.177086,90,Non-binary,2,1,2001,28
91,63946.14467,91,Male,1,1,2001,26
92,71904.49027,92,Female,3,24,2001,52
93,176244.5378,93,Male,2,7,2001,37
94,229884.9765,94,Female,4,27,2001,52
95,61430.68881,95,Female,1,14,2001,35
96,21445.57988,96,Female,2,15,2001,29
97,23405.31199,97,Female,5,1,2001,59
98,9050.125494,98,Non-binary,2,5,2001,24
99,26537.89547,99,Male,2,9,2001,43
100,38632.81721,100,Male,3,2,2001,45
101,580608.0959,1,Male,4,2,2002,35
102,94412.45249,2,Female,1,2,2002,60
103,652758.9186,3,Non-binary,5,20,2002,41
104,27317.10979,4,Male,5,2,2002,65
105,192370.7709,5,Non-binary,4,1,2002,68
106,23761.98631,6,Male,4,2,2002,22
107,15640.80856,7,Female,4,1,2002,47
108,75976.07617,8,Male,4,1,2002,66
109,201489.7133,9,Non-binary,4,2,2002,48
110,121106.523,10,Female,5,1,2002,43
111,41334.37379,11,Female,4,1,2002,69
112,6153.503293,12,Male,4,17,2002,43
113,55484.22653,13,Non-binary,4,21,2002,55
114,442651.1841,14,Non-binary,4,2,2002,49
115,9709.085822,15,Male,4,13,2002,25
116,119209.8049,16,Non-binary,1,2,2002,66
117,77738.80339,17,Female,3,2,2002,33
118,26273.17834,18,Female,1,1,2002,22
119,312436.2292,19,Male,5,1,2002,37
120,184212.1045,20,Female,2,26,2002,69
121,219710.3409,21,Non-binary,4,1,2002,65
122,242961.1206,22,Male,5,14,2002,55
123,49967.03885,23,Female,3,11,2002,53
124,901731.5519,24,Female,2,19,2002,71
125,24378.05689,25,Female,4,2,2002,53
126,128341.866,26,Male,3,2,2002,56
127,237466.232,27,Male,5,18,2002,48
128,54682.74193,28,Male,3,2,2002,50
129,67986.20703,29,Male,4,1,2002,35
130,242489.3177,30,Female,3,14,2002,28
131,229077.2692,31,Male,5,2,2002,69
132,90107.32237,32,Male,1,13,2002,66
133,103250.683,33,Non-binary,1,1,2002,55
134,101593.9926,34,Female,4,2,2002,61
135,21053.76065,35,Female,1,1,2002,21
136,28536.50103,36,Female,5,2,2002,44
137,25598.39164,37,Non-binary,4,8,2002,59
138,16470.52828,38,Male,3,2,2002,31
139,141153.3064,39,Non-binary,4,1,2002,36
140,19683.89984,40,Non-binary,2,1,2002,32
141,28083.36122,41,Non-binary,0,4,2002,27
142,115739.0364,42,Male,5,2,2002,41
143,466814.8847,43,Non-binary,3,1,2002,41
144,104745.6277,44,Male,5,1,2002,39
145,390661.5019,45,Non-binary,0,3,2002,28
146,54257.52523,46,Female,3,2,2002,27
147,237475.4425,47,Male,3,1,2002,32
148,36987.19846,48,Female,2,2,2002,44
149,98490.8764,49,Male,3,2,2002,34
150,112192.2932,50,Female,2,24,2002,64
151,41144.5368,51,Female,4,2,2002,22
152,8114.58106,52,Female,4,1,2002,43
153,167697.9528,53,Female,2,30,2002,61
154,107088.0257,54,Male,3,1,2002,26
155,65765.50242,55,Non-binary,2,9,2002,49
156,290451.4459,56,Non-binary,2,13,2002,31
157,162665.9116,57,Female,2,1,2002,27
158,33842.47901,58,Female,3,23,2002,58
159,8263.417583,59,Male,2,2,2002,66
160,28196.36939,60,Male,2,17,2002,39
161,146510.3458,61,Female,4,2,2002,54
162,74234.57314,62,Non-binary,1,3,2002,25
163,83418.73923,63,Female,3,9,2002,40
164,34558.72078,64,Female,3,11,2002,34
165,61884.17287,65,Male,2,2,2002,62
166,87094.69982,66,Female,2,2,2002,43
167,84341.30105,67,Female,2,22,2002,61
168,220818.347,68,Non-binary,0,2,2002,61
169,173267.3442,69,Female,2,2,2002,61
170,47110.8025,70,Female,1,16,2002,42
171,20733.85206,71,Male,5,1,2002,58
172,199733.4779,72,Male,3,1,2002,52
173,10446.09738,73,Female,2,5,2002,56
174,45744.53745,74,Non-binary,2,9,2002,20
175,72361.09108,75,Male,4,20,2002,44
176,136487.4401,76,Male,1,8,2002,31
177,7132.230875,77,Female,5,6,2002,39
178,694182.5989,78,Male,4,1,2002,51
179,66969.7479,79,Female,1,3,2002,38
180,82456.96175,80,Male,2,9,2002,26
181,28032.27019,81,Female,3,11,2002,32
182,47455.32623,82,Female,4,18,2002,54
183,38096.63621,83,Female,1,1,2002,41
184,140139.4949,84,Female,4,1,2002,60
185,576005.3282,85,Male,0,1,2002,25
186,28534.18706,86,Non-binary,3,13,2002,42
187,351264.5654,87,Non-binary,4,4,2002,70
188,83782.21678,88,Female,1,24,2002,66
189,275483.2406,89,Male,1,1,2002,65
190,10126.05673,90,Non-binary,3,1,2002,29
191,21834.5715,91,Male,2,2,2002,27
192,350617.835,92,Female,3,25,2002,53
193,44925.15405,93,Male,3,1,2002,38
194,175332.2658,94,Female,4,28,2002,53
195,62399.18666,95,Female,2,1,2002,36
196,5347.635905,96,Female,3,1,2002,30
197,5485.833467,97,Female,5,1,2002,60
198,13609.1346,98,Non-binary,2,1,2002,25
199,38874.42423,99,Male,2,1,2002,44
200,164185.4745,100,Male,4,3,2002,46
201,163387.1737,1,Male,4,1,2003,36
202,56647.01541,2,Female,2,3,2003,61
203,426806.5797,3,Non-binary,5,1,2003,42
204,257226.7035,4,Male,4,1,2003,66
205,201858.594,5,Non-binary,5,2,2003,69
206,198008.6895,6,Male,5,1,2003,23
207,10967.18554,7,Female,5,2,2003,48
208,26248.65595,8,Male,4,2,2003,67
209,164706.1124,9,Non-binary,5,1,2003,49
210,118372.5057,10,Female,4,2,2003,44
211,146816.2579,11,Female,5,1,2003,70
212,27272.76966,12,Male,5,18,2003,44
213,240605.095,13,Non-binary,4,1,2003,56
214,30272.85989,14,Non-binary,5,3,2003,50
215,35346.2109,15,Male,5,14,2003,26
216,6297.600702,16,Non-binary,2,3,2003,67
217,37517.61484,17,Female,3,1,2003,34
218,81936.99479,18,Female,2,2,2003,23
219,131343.6526,19,Male,5,2,2003,38
220,250955.263,20,Female,3,1,2003,70
221,60238.04034,21,Non-binary,4,1,2003,66
222,14655.76654,22,Male,6,1,2003,56
223,380123.7268,23,Female,3,12,2003,54
224,104677.4237,24,Female,2,1,2003,72
225,17705.55278,25,Female,4,3,2003,54
226,52632.96356,26,Male,3,3,2003,57
227,182800.8624,27,Male,3,1,2003,49
228,115743.78,28,Male,3,1,2003,51
229,158137.7399,29,Male,4,2,2003,36
230,11567.35592,30,Female,3,15,2003,29
231,32646.3384,31,Male,5,1,2003,70
232,115573.413,32,Male,2,14,2003,67
233,486739.2939,33,Non-binary,1,2,2003,56
234,5396.597217,34,Female,5,3,2003,62
235,26217.42836,35,Female,1,2,2003,22
236,88432.99618,36,Female,4,1,2003,45
237,53837.34355,37,Non-binary,5,9,2003,60
238,76005.97376,38,Male,4,1,2003,32
239,91559.11388,39,Non-binary,4,1,2003,37
240,26171.31168,40,Non-binary,2,2,2003,33
241,72122.94097,41,Non-binary,0,5,2003,28
242,267708.852,42,Male,5,3,2003,42
243,121187.253,43,Non-binary,3,1,2003,42
244,136589.5593,44,Male,5,2,2003,40
245,19503.08549,45,Non-binary,0,4,2003,29
246,12243.86459,46,Female,4,1,2003,28
247,224651.4028,47,Male,4,1,2003,33
248,225213.6817,48,Female,3,1,2003,45
249,103365.3134,49,Male,3,3,2003,35
250,68554.76829,50,Female,3,1,2003,65
251,183939.1343,51,Female,4,3,2003,23
252,32757.61395,52,Female,5,2,2003,44
253,9895.645923,53,Female,2,31,2003,62
254,15775.67789,54,Male,4,2,2003,27
255,348046.4667,55,Non-binary,2,1,2003,50
256,29970.80356,56,Non-binary,2,14,2003,32
257,16127.43797,57,Female,3,2,2003,28
258,126541.0365,58,Female,4,24,2003,59
259,933562.4691,59,Male,2,1,2003,67
260,260855.3507,60,Male,2,1,2003,40
261,7393.155605,61,Female,4,3,2003,55
262,85911.80102,62,Non-binary,1,4,2003,26
263,9549.930633,63,Female,4,1,2003,41
264,70771.75027,64,Female,4,12,2003,35
265,293882.9823,65,Male,3,3,2003,63
266,83609.87635,66,Female,3,1,2003,44
267,104974.2974,67,Female,3,1,2003,62
268,151930.0925,68,Non-binary,0,3,2003,62
269,37794.67661,69,Female,2,3,2003,62
270,40426.51134,70,Female,1,1,2003,43
271,116579.345,71,Male,4,2,2003,59
272,17539.22319,72,Male,3,2,2003,53
273,685581.2348,73,Female,2,6,2003,57
274,47941.0253,74,Non-binary,3,1,2003,21
275,21495.32243,75,Male,4,21,2003,45
276,129240.5737,76,Male,2,1,2003,32
277,28225.48356,77,Female,6,1,2003,40
278,199477.8689,78,Male,5,1,2003,52
279,228867.6729,79,Female,1,1,2003,39
280,83775.81243,80,Male,3,10,2003,27
281,19059.84702,81,Female,3,1,2003,33
282,339661.6856,82,Female,4,1,2003,55
283,23766.99738,83,Female,2,2,2003,42
284,18648.83851,84,Female,4,2,2003,61
285,431553.3208,85,Male,1,2,2003,26
286,100074.8646,86,Non-binary,4,1,2003,43
287,127592.8965,87,Non-binary,4,5,2003,71
288,114437.381,88,Female,2,1,2003,67
289,426186.0741,89,Male,1,2,2003,66
290,270058.6493,90,Non-binary,3,1,2003,30
291,47308.75298,91,Male,2,1,2003,28
292,16566.75027,92,Female,3,1,2003,54
293,116402.6582,93,Male,3,2,2003,39
294,130316.1502,94,Female,4,1,2003,54
295,9913.487763,95,Female,3,2,2003,37
296,17803.90386,96,Female,3,2,2003,31
297,119263.9233,97,Female,4,2,2003,61
298,10940.89375,98,Non-binary,3,1,2003,26
299,120406.0796,99,Male,3,1,2003,45
300,32249.82737,100,Male,4,4,2003,47
301,17294.44517,1,Male,5,1,2004,37
302,62776.27708,2,Female,2,1,2004,62
303,27895.94704,3,Non-binary,4,2,2004,43
304,53532.71502,4,Male,5,2,2004,67
305,42870.57221,5,Non-binary,5,1,2004,70
306,101356.1999,6,Male,5,2,2004,24
307,5764.08814,7,Female,3,3,2004,49
308,41080.2045,8,Male,5,3,2004,68
309,111401.7953,9,Non-binary,4,1,2004,50
310,113081.6095,10,Female,4,3,2004,45
311,60320.35723,11,Female,5,2,2004,71
312,80816.53502,12,Male,4,1,2004,45
313,18530.00016,13,Non-binary,5,2,2004,57
314,202255.7058,14,Non-binary,5,1,2004,51
315,50018.91287,15,Male,5,15,2004,27
316,66930.37801,16,Non-binary,3,4,2004,68
317,16106.99089,17,Female,4,1,2004,35
318,32774.89353,18,Female,2,3,2004,24
319,15709.00362,19,Male,4,3,2004,39
320,94497.34893,20,Female,4,2,2004,71
321,27163.99204,21,Non-binary,4,2,2004,67
322,63067.87273,22,Male,4,1,2004,57
323,282955.3188,23,Female,3,13,2004,55
324,267443.9237,24,Female,2,2,2004,73
325,26953.97844,25,Female,5,4,2004,55
326,293469.0604,26,Male,3,1,2004,58
327,72004.50142,27,Male,3,2,2004,50
328,68208.12808,28,Male,4,2,2004,52
329,13898.46807,29,Male,5,3,2004,37
330,98306.34868,30,Female,3,16,2004,30
331,279365.3602,31,Male,4,2,2004,71
332,39448.84897,32,Male,3,15,2004,68
333,38640.72594,33,Non-binary,2,3,2004,57
334,5042.485248,34,Female,5,4,2004,63
335,48415.66812,35,Female,2,3,2004,23
336,53773.77822,36,Female,5,2,2004,46
337,85542.77529,37,Non-binary,5,1,2004,61
338,12765.00907,38,Male,4,1,2004,33
339,13889.14796,39,Non-binary,5,2,2004,38
340,183357.7259,40,Non-binary,3,3,2004,34
341,29508.72383,41,Non-binary,0,6,2004,29
342,32390.00621,42,Male,3,4,2004,43
343,27682.70554,43,Non-binary,3,2,2004,43
344,3232.310647,44,Male,3,3,2004,41
345,200648.3463,45,Non-binary,0,5,2004,30
346,18496.91251,46,Female,4,2,2004,29
347,11930.34642,47,Male,4,2,2004,34
348,36484.25114,48,Female,4,2,2004,46
349,17493.01009,49,Male,3,4,2004,36
350,70530.61687,50,Female,3,1,2004,66
351,31405.56795,51,Female,5,1,2004,24
352,46056.06228,52,Female,3,3,2004,45
353,35789.32565,53,Female,2,32,2004,63
354,345142.0517,54,Male,5,1,2004,28
355,55889.8692,55,Non-binary,3,2,2004,51
356,41364.52576,56,Non-binary,2,15,2004,33
357,32095.85119,57,Female,4,1,2004,29
358,134716.557,58,Female,5,25,2004,60
359,277985.8348,59,Male,2,2,2004,68
360,86587.41503,60,Male,2,2,2004,41
361,14477.80371,61,Female,5,1,2004,56
362,53968.76214,62,Non-binary,1,5,2004,27
363,30012.71277,63,Female,4,2,2004,42
364,27686.27722,64,Female,5,1,2004,36
365,59439.81012,65,Male,4,1,2004,64
366,17570.54573,66,Female,4,2,2004,45
367,33036.17231,67,Female,3,1,2004,63
368,71299.44614,68,Non-binary,0,4,2004,63
369,8412.464742,69,Female,3,1,2004,63
370,7119.293535,70,Female,2,2,2004,44
371,436501.3788,71,Male,5,3,2004,60
372,163231.2582,72,Male,3,3,2004,54
373,14613.73279,73,Female,3,7,2004,58
374,279007.1556,74,Non-binary,3,2,2004,22
375,283108.401,75,Male,5,22,2004,46
376,96156.14799,76,Male,2,2,2004,33
377,15393.85946,77,Female,5,2,2004,41
378,162396.9157,78,Male,6,2,2004,53
379,100308.6183,79,Female,1,2,2004,40
380,96234.51038,80,Male,4,1,2004,28
381,3637.771295,81,Female,3,2,2004,34
382,10404.4817,82,Female,5,2,2004,56
383,7972.202977,83,Female,3,3,2004,43
384,9318.83282,84,Female,4,3,2004,62
385,41631.01335,85,Male,2,3,2004,27
386,175847.3178,86,Non-binary,4,1,2004,44
387,214565.9463,87,Non-binary,5,6,2004,72
388,47907.562,88,Female,2,2,2004,68
389,1896340.69,89,Male,1,3,2004,67
390,233911.9767,90,Non-binary,4,1,2004,31
391,68582.56119,91,Male,3,2,2004,29
392,105423.9467,92,Female,3,2,2004,55
393,59830.63311,93,Male,4,3,2004,40
394,148248.6305,94,Female,4,1,2004,55
395,8837.31915,95,Female,4,3,2004,38
396,36660.39237,96,Female,3,3,2004,32
397,61385.15538,97,Female,5,3,2004,62
398,85173.59161,98,Non-binary,3,1,2004,27
399,48775.86017,99,Male,4,1,2004,46
400,15268.87923,100,Male,4,5,2004,48
401,34860.4939,1,Male,4,1,2005,38
402,49518.59125,2,Female,3,2,2005,63
403,50714.76574,3,Non-binary,4,1,2005,44
404,173192.1389,4,Male,5,3,2005,68
405,145124.052,5,Non-binary,5,2,2005,71
406,279467.2922,6,Male,5,3,2005,25
407,2878.47434,7,Female,3,1,2005,50
408,4332.020727,8,Male,4,4,2005,69
409,164141.3654,9,Non-binary,4,2,2005,51
410,35055.01857,10,Female,4,4,2005,46
411,56642.42493,11,Female,5,1,2005,72
412,59617.3516,12,Male,5,1,2005,46
413,74542.61078,13,Non-binary,4,1,2005,58
414,563596.3548,14,Non-binary,6,1,2005,52
415,97632.10674,15,Male,6,16,2005,28
416,64629.89696,16,Non-binary,3,1,2005,69
417,16825.17504,17,Female,4,1,2005,36
418,8626.54541,18,Female,3,1,2005,25
419,155974.0051,19,Male,5,1,2005,40
420,39577.87651,20,Female,5,1,2005,72
421,21603.72969,21,Non-binary,5,3,2005,68
422,1267479.157,22,Male,4,1,2005,58
423,7699.321478,23,Female,3,14,2005,56
424,23607.92484,24,Female,2,3,2005,74
425,93194.49386,25,Female,4,5,2005,56
426,54632.4533,26,Male,4,2,2005,59
427,48400.72764,27,Male,4,1,2005,51
428,125598.0193,28,Male,4,1,2005,53
429,141719.854,29,Male,5,4,2005,38
430,41208.34046,30,Female,4,17,2005,31
431,284481.7393,31,Male,5,3,2005,72
432,116852.5525,32,Male,3,1,2005,69
433,211407.0479,33,Non-binary,2,4,2005,58
434,74121.27734,34,Female,4,1,2005,64
435,63212.80795,35,Female,2,4,2005,24
436,108210.9723,36,Female,4,1,2005,47
437,18952.25221,37,Non-binary,5,2,2005,62
438,46669.73341,38,Male,4,2,2005,34
439,603245.3267,39,Non-binary,5,3,2005,39
440,57879.33092,40,Non-binary,3,4,2005,35
441,32276.65135,41,Non-binary,0,7,2005,30
442,62305.78653,42,Male,4,1,2005,44
443,4033.766551,43,Non-binary,3,3,2005,44
444,309153.9793,44,Male,4,1,2005,42
445,72329.54566,45,Non-binary,0,6,2005,31
446,48905.938,46,Female,4,1,2005,30
447,237984.0794,47,Male,4,3,2005,35
448,63239.36626,48,Female,4,3,2005,47
449,17944.08654,49,Male,4,5,2005,37
450,20202.55206,50,Female,3,2,2005,67
451,21241.55715,51,Female,4,1,2005,25
452,14746.95322,52,Female,3,1,2005,46
453,60914.20346,53,Female,2,1,2005,64
454,113342.9345,54,Male,4,1,2005,29
455,27830.02501,55,Non-binary,4,3,2005,52
456,22341.16263,56,Non-binary,3,1,2005,34
457,125761.6363,57,Female,5,1,2005,30
458,40694.02558,58,Female,4,1,2005,61
459,314546.3492,59,Male,3,1,2005,69
460,94241.2369,60,Male,2,3,2005,42
461,1300700.399,61,Female,6,1,2005,57
462,53577.83827,62,Non-binary,1,6,2005,28
463,312456.86,63,Female,4,3,2005,43
464,69044.4173,64,Female,6,2,2005,37
465,31816.66244,65,Male,4,1,2005,65
466,59649.50127,66,Female,5,3,2005,46
467,166850.1407,67,Female,3,2,2005,64
468,696281.5854,68,Non-binary,0,1,2005,64
469,65509.23202,69,Female,4,2,2005,64
470,30048.191,70,Female,2,1,2005,45
471,77971.30961,71,Male,5,1,2005,61
472,110028.7817,72,Male,4,4,2005,55
473,176664.3251,73,Female,4,8,2005,59
474,39600.69027,74,Non-binary,3,3,2005,23
475,1557757.669,75,Male,5,1,2005,47
476,109625.8275,76,Male,2,3,2005,34
477,4146.368718,77,Female,6,3,2005,42
478,1025527.695,78,Male,6,1,2005,54
479,29230.24784,79,Female,1,3,2005,41
480,295477.3541,80,Male,4,2,2005,29
481,77343.98382,81,Female,3,3,2005,35
482,22970.99935,82,Female,5,3,2005,57
483,67658.73866,83,Female,3,4,2005,44
484,131807.8871,84,Female,4,4,2005,63
485,366236.1605,85,Male,2,4,2005,28
486,37405.52023,86,Non-binary,4,1,2005,45
487,131092.2996,87,Non-binary,5,1,2005,73
488,19467.87976,88,Female,3,1,2005,69
489,235069.0009,89,Male,2,4,2005,68
490,168330.7816,90,Non-binary,4,2,2005,32
491,26107.74549,91,Male,4,3,2005,30
492,120461.905,92,Female,4,3,2005,56
493,88835.94848,93,Male,5,4,2005,41
494,24497.87236,94,Female,5,2,2005,56
495,54037.01403,95,Female,4,4,2005,39
496,36424.88493,96,Female,3,1,2005,33
497,38271.12883,97,Female,5,1,2005,63
498,61774.40397,98,Non-binary,4,1,2005,28
499,559556.0665,99,Male,4,1,2005,47
500,341294.8259,100,Male,5,6,2005,49
501,120569.4141,1,Male,4,1,2006,39
502,140837.8434,2,Female,4,3,2006,64
503,81916.40398,3,Non-binary,4,2,2006,45
504,50986.65514,4,Male,4,4,2006,69
505,88716.91549,5,Non-binary,5,3,2006,72
506,157801.3474,6,Male,5,1,2006,26
507,27488.83435,7,Female,3,2,2006,51
508,20287.80535,8,Male,4,5,2006,70
509,43506.03215,9,Non-binary,4,3,2006,52
510,55803.69829,10,Female,5,5,2006,47
511,313116.7408,11,Female,5,1,2006,73
512,19381.27962,12,Male,6,2,2006,47
513,52330.43705,13,Non-binary,5,1,2006,59
514,55385.73288,14,Non-binary,5,2,2006,53
515,15498.7961,15,Male,5,17,2006,29
516,44789.34123,16,Non-binary,3,2,2006,70
517,3116.888885,17,Female,4,1,2006,37
518,21849.16015,18,Female,3,1,2006,26
519,52677.60336,19,Male,4,1,2006,41
520,17354.7042,20,Female,4,2,2006,73
521,135054.6434,21,Non-binary,5,4,2006,69
522,492562.746,22,Male,4,2,2006,59
523,392749.7833,23,Female,4,15,2006,57
524,125302.243,24,Female,2,4,2006,75
525,17599.66496,25,Female,5,6,2006,57
526,147650.7081,26,Male,5,3,2006,60
527,15143.96769,27,Male,4,2,2006,52
528,45238.09745,28,Male,4,2,2006,54
529,19957.31308,29,Male,5,5,2006,39
530,2204.153639,30,Female,5,18,2006,32
531,119957.2951,31,Male,4,4,2006,73
532,19906.8167,32,Male,4,1,2006,70
533,388362.4375,33,Non-binary,2,1,2006,59
534,17394.44009,34,Female,4,1,2006,65
535,15110.6294,35,Female,2,5,2006,25
536,144093.7599,36,Female,4,1,2006,48
537,120866.9509,37,Non-binary,4,3,2006,63
538,85694.18849,38,Male,5,3,2006,35
539,30484.35689,39,Non-binary,5,4,2006,40
540,59569.05638,40,Non-binary,3,1,2006,36
541,49190.51137,41,Non-binary,1,8,2006,31
542,58218.28132,42,Male,5,2,2006,45
543,72664.95711,43,Non-binary,3,4,2006,45
544,268629.8505,44,Male,5,2,2006,43
545,23890.63013,45,Non-binary,0,7,2006,32
546,40908.51019,46,Female,5,1,2006,31
547,75034.09243,47,Male,4,4,2006,36
548,24178.11998,48,Female,4,1,2006,48
549,88066.88265,49,Male,5,6,2006,38
550,33921.2997,50,Female,3,3,2006,68
551,16202.87347,51,Female,5,1,2006,26
552,24080.90211,52,Female,3,2,2006,47
553,7443.992842,53,Female,2,1,2006,65
554,375716.8096,54,Male,5,1,2006,30
555,143085.2078,55,Non-binary,4,4,2006,53
556,264960.697,56,Non-binary,3,2,2006,35
557,6413.542228,57,Female,5,1,2006,31
558,18622.90748,58,Female,4,1,2006,62
559,21215.57088,59,Male,3,2,2006,70
560,80466.60188,60,Male,2,1,2006,43
561,47223.27082,61,Female,5,2,2006,58
562,14870.77692,62,Non-binary,2,7,2006,29
563,47895.84494,63,Female,4,4,2006,44
564,30671.97223,64,Female,6,3,2006,38
565,23801.76341,65,Male,4,2,2006,66
566,7343.255117,66,Female,5,4,2006,47
567,131334.4902,67,Female,4,1,2006,65
568,23899.60124,68,Non-binary,1,2,2006,65
569,44098.23824,69,Female,4,3,2006,65
570,25573.14838,70,Female,2,2,2006,46
571,96074.89083,71,Male,5,1,2006,62
572,103624.157,72,Male,5,1,2006,56
573,71577.87364,73,Female,5,9,2006,60
574,49521.99753,74,Non-binary,4,1,2006,24
575,25497.69612,75,Male,6,1,2006,48
576,68005.41587,76,Male,2,4,2006,35
577,5103.143558,77,Female,6,4,2006,43
578,17278.38757,78,Male,6,2,2006,55
579,213007.0957,79,Female,1,4,2006,42
580,47048.67533,80,Male,5,3,2006,30
581,6411.816654,81,Female,3,1,2006,36
582,42339.8347,82,Female,5,4,2006,58
583,15822.73561,83,Female,3,1,2006,45
584,14428.66707,84,Female,4,5,2006,64
585,201107.8847,85,Male,3,1,2006,29
586,17034.81194,86,Non-binary,5,2,2006,46
587,123303.1784,87,Non-binary,4,1,2006,74
588,15215.25168,88,Female,4,2,2006,70
589,106893.9316,89,Male,2,5,2006,69
590,7642.753399,90,Non-binary,5,1,2006,33
591,26760.10897,91,Male,4,4,2006,31
592,23643.44438,92,Female,5,4,2006,57
593,53426.85524,93,Male,4,5,2006,42
594,56629.50403,94,Female,3,1,2006,57
595,141721.8244,95,Female,5,5,2006,40
596,19343.92417,96,Female,4,1,2006,34
597,6154.667804,97,Female,5,2,2006,64
598,19303.04457,98,Non-binary,5,2,2006,29
599,23510.59579,99,Male,4,2,2006,48
600,14092.38269,100,Male,5,1,2006,50
601,5922.53558,1,Male,4,2,2007,40
602,73873.16453,2,Female,5,1,2007,65
603,35012.29319,3,Non-binary,4,3,2007,46
604,30036.4437,4,Male,5,1,2007,70
605,88933.24591,5,Non-binary,5,1,2007,73
606,65336.34017,6,Male,4,2,2007,27
607,32232.33271,7,Female,4,1,2007,52
608,86504.97016,8,Male,4,1,2007,71
609,238915.3181,9,Non-binary,5,4,2007,53
610,111979.3017,10,Female,4,6,2007,48
611,26050.66269,11,Female,5,2,2007,74
612,127594.8202,12,Male,6,3,2007,48
613,47553.13152,13,Non-binary,4,2,2007,60
614,366893.105,14,Non-binary,5,1,2007,54
615,33696.7757,15,Male,4,18,2007,30
616,678509.4507,16,Non-binary,4,3,2007,71
617,32391.75637,17,Female,5,1,2007,38
618,21613.41793,18,Female,3,2,2007,27
619,120082.5116,19,Male,5,2,2007,42
620,21325.23917,20,Female,5,3,2007,74
621,75937.61106,21,Non-binary,6,5,2007,70
622,488693.6933,22,Male,4,1,2007,60
623,182880.2537,23,Female,5,1,2007,58
624,17875.49426,24,Female,3,5,2007,76
625,18414.52032,25,Female,5,7,2007,58
626,390214.7351,26,Male,4,4,2007,61
627,122230.1223,27,Male,4,3,2007,53
628,6335.137062,28,Male,5,1,2007,55
629,12981.0901,29,Male,4,1,2007,40
630,34184.03292,30,Female,5,1,2007,33
631,21522.61446,31,Male,4,1,2007,74
632,37848.68754,32,Male,5,2,2007,71
633,65230.58529,33,Non-binary,3,2,2007,60
634,134233.1966,34,Female,5,2,2007,66
635,11656.32418,35,Female,3,6,2007,26
636,98046.34535,36,Female,5,2,2007,49
637,29017.32688,37,Non-binary,4,4,2007,64
638,63507.73472,38,Male,6,4,2007,36
639,79252.06505,39,Non-binary,4,5,2007,41
640,164121.7386,40,Non-binary,3,2,2007,37
641,10406.91647,41,Non-binary,2,1,2007,32
642,79215.59386,42,Male,5,1,2007,46
643,67990.12026,43,Non-binary,3,5,2007,46
644,65380.56438,44,Male,3,3,2007,44
645,194618.2325,45,Non-binary,0,8,2007,33
646,11503.46927,46,Female,4,1,2007,32
647,161924.2843,47,Male,5,1,2007,37
648,26503.5613,48,Female,5,2,2007,49
649,32203.58984,49,Male,5,1,2007,39
650,11456.57435,50,Female,4,4,2007,69
651,11146.94642,51,Female,5,1,2007,27
652,10369.37265,52,Female,4,3,2007,48
653,153501.8105,53,Female,3,1,2007,66
654,58479.1859,54,Male,3,1,2007,31
655,49228.01405,55,Non-binary,5,1,2007,54
656,5574.20136,56,Non-binary,3,3,2007,36
657,452367.2833,57,Female,5,2,2007,32
658,51765.95144,58,Female,4,2,2007,63
659,12210.7347,59,Male,3,1,2007,71
660,175181.0557,60,Male,3,2,2007,44
661,57847.5134,61,Female,4,3,2007,59
662,65096.69958,62,Non-binary,2,1,2007,30
663,14550.90929,63,Female,4,5,2007,45
664,135370.1376,64,Female,5,4,2007,39
665,48083.14887,65,Male,5,3,2007,67
666,68436.18129,66,Female,3,5,2007,48
667,10566.78134,67,Female,4,1,2007,66
668,61018.53089,68,Non-binary,2,1,2007,66
669,24277.76571,69,Female,4,4,2007,66
670,8882.824025,70,Female,3,3,2007,47
671,42714.62359,71,Male,5,1,2007,63
672,71160.19968,72,Male,4,1,2007,57
673,24183.4968,73,Female,5,10,2007,61
674,38796.12149,74,Non-binary,5,1,2007,25
675,427041.8958,75,Male,5,2,2007,49
676,92500.24369,76,Male,2,1,2007,36
677,12286.25562,77,Female,5,1,2007,44
678,75041.99794,78,Male,5,1,2007,56
679,57177.36781,79,Female,2,1,2007,43
680,80556.06255,80,Male,4,4,2007,31
681,12160.87211,81,Female,4,1,2007,37
682,23005.5451,82,Female,4,5,2007,59
683,34250.60466,83,Female,4,2,2007,46
684,29170.97054,84,Female,4,6,2007,65
685,190056.6324,85,Male,4,2,2007,30
686,45916.95397,86,Non-binary,5,3,2007,47
687,95663.74391,87,Non-binary,4,1,2007,75
688,22338.48679,88,Female,5,3,2007,71
689,196442.8251,89,Male,3,6,2007,70
690,163214.6802,90,Non-binary,5,2,2007,34
691,9938.828361,91,Male,5,5,2007,32
692,18221.11341,92,Female,3,5,2007,58
693,184895.6085,93,Male,5,6,2007,43
694,40989.51206,94,Female,4,1,2007,58
695,72499.894,95,Female,5,1,2007,41
696,5406.969866,96,Female,4,2,2007,35
697,7324.381076,97,Female,3,1,2007,65
698,32002.96298,98,Non-binary,4,1,2007,30
699,28984.63022,99,Male,4,3,2007,49
700,12402.49515,100,Male,6,1,2007,51
701,16057.93377,1,Male,4,1,2008,41
702,25795.04352,2,Female,6,2,2008,66
703,410469.473,3,Non-binary,4,4,2008,47
704,15187.00834,4,Male,6,2,2008,71
705,125293.5792,5,Non-binary,3,2,2008,74
706,19643.52776,6,Male,5,3,2008,28
707,10923.93244,7,Female,4,1,2008,53
708,4148.282407,8,Male,5,1,2008,72
709,99641.32677,9,Non-binary,4,1,2008,54
710,159111.1617,10,Female,5,1,2008,49
711,32076.15797,11,Female,5,3,2008,75
712,174840.1982,12,Male,5,1,2008,49
713,57878.27146,13,Non-binary,4,3,2008,61
714,55542.75247,14,Non-binary,4,2,2008,55
715,10959.6095,15,Male,4,19,2008,31
716,99720.45554,16,Non-binary,4,1,2008,72
717,37788.0545,17,Female,4,1,2008,39
718,37446.5007,18,Female,3,1,2008,28
719,69761.9944,19,Male,6,3,2008,43
720,65415.31665,20,Female,5,4,2008,75
721,1003948.419,21,Non-binary,5,1,2008,71
722,195542.5908,22,Male,5,1,2008,61
723,71032.78942,23,Female,3,2,2008,59
724,8352.727549,24,Female,3,1,2008,77
725,14426.7215,25,Female,6,1,2008,59
726,218343.4935,26,Male,4,1,2008,62
727,52120.72105,27,Male,5,4,2008,54
728,171240.4733,28,Male,5,2,2008,56
729,13911.34335,29,Male,5,2,2008,41
730,50552.04375,30,Female,4,1,2008,34
731,17114.66668,31,Male,4,2,2008,75
732,85976.77666,32,Male,4,3,2008,72
733,233360.2097,33,Non-binary,4,3,2008,61
734,6648.14596,34,Female,5,3,2008,67
735,96081.85875,35,Female,3,1,2008,27
736,296552.7111,36,Female,6,3,2008,50
737,226985.9054,37,Non-binary,4,5,2008,65
738,49139.12982,38,Male,5,5,2008,37
739,160383.0412,39,Non-binary,5,6,2008,42
740,59070.28383,40,Non-binary,4,1,2008,38
741,78758.5833,41,Non-binary,2,1,2008,33
742,35956.22664,42,Male,4,2,2008,47
743,44788.21267,43,Non-binary,3,1,2008,47
744,150398.387,44,Male,3,4,2008,45
745,13513.72538,45,Non-binary,0,1,2008,34
746,9975.362728,46,Female,4,2,2008,33
747,395355.7535,47,Male,3,2,2008,38
748,56320.44201,48,Female,4,1,2008,50
749,89021.84196,49,Male,4,2,2008,40
750,11876.13232,50,Female,5,5,2008,70
751,93767.32938,51,Female,6,2,2008,28
752,8721.434529,52,Female,4,1,2008,49
753,34875.42206,53,Female,4,1,2008,67
754,107077.9752,54,Male,3,2,2008,32
755,1041004.981,55,Non-binary,5,1,2008,55
756,32367.46244,56,Non-binary,4,4,2008,37
757,85212.63171,57,Female,6,3,2008,33
758,63460.74483,58,Female,4,3,2008,64
759,340645.4188,59,Male,3,2,2008,72
760,229688.3826,60,Male,4,3,2008,45
761,133382.5951,61,Female,4,1,2008,60
762,31896.52576,62,Non-binary,3,2,2008,31
763,190145.6033,63,Female,4,6,2008,46
764,864280.8745,64,Female,4,5,2008,40
765,222195.778,65,Male,3,1,2008,68
766,11837.45287,66,Female,4,6,2008,49
767,231338.4248,67,Female,4,1,2008,67
768,13580.21271,68,Non-binary,2,1,2008,67
769,14515.04205,69,Female,4,5,2008,67
770,5558.826398,70,Female,4,4,2008,48
771,68170.01563,71,Male,4,2,2008,64
772,136662.7853,72,Male,4,2,2008,58
773,33716.54039,73,Female,4,11,2008,62
774,9034.684481,74,Non-binary,4,2,2008,26
775,32852.19816,75,Male,3,3,2008,50
776,333853.2257,76,Male,2,2,2008,37
777,3184.865174,77,Female,5,2,2008,45
778,32366.30993,78,Male,5,2,2008,57
779,82250.90239,79,Female,3,2,2008,44
780,76933.06901,80,Male,4,5,2008,32
781,37535.45608,81,Female,4,1,2008,38
782,11357.59716,82,Female,4,1,2008,60
783,3809.7719,83,Female,4,3,2008,47
784,41881.24244,84,Female,4,7,2008,66
785,18040.35295,85,Male,5,3,2008,31
786,35424.57306,86,Non-binary,4,4,2008,48
787,25686.36813,87,Non-binary,5,2,2008,76
788,300611.6929,88,Female,3,4,2008,72
789,121974.2601,89,Male,3,1,2008,71
790,56954.738,90,Non-binary,5,3,2008,35
791,22878.18253,91,Male,5,1,2008,33
792,169156.8005,92,Female,4,1,2008,59
793,93509.72432,93,Male,4,1,2008,44
794,47363.89897,94,Female,5,2,2008,59
795,9394.95977,95,Female,5,1,2008,42
796,9339.820375,96,Female,5,3,2008,36
797,71360.77838,97,Female,3,1,2008,66
798,62903.99159,98,Non-binary,5,2,2008,31
799,192809.5255,99,Male,4,4,2008,50
800,107518.3929,100,Male,5,2,2008,52
801,177396.5833,1,Male,5,1,2009,42
802,7606.545732,2,Female,5,1,2009,67
803,133659.0456,3,Non-binary,5,5,2009,48
804,31326.21689,4,Male,6,3,2009,72
805,30704.63836,5,Non-binary,3,1,2009,75
806,86049.91389,6,Male,6,4,2009,29
807,8867.458024,7,Female,4,2,2009,54
808,39168.40716,8,Male,4,2,2009,73
809,95693.34251,9,Non-binary,5,1,2009,55
810,97945.24541,10,Female,5,2,2009,50
811,18567.65159,11,Female,4,4,2009,76
812,106510.753,12,Male,5,2,2009,50
813,21155.86518,13,Non-binary,4,1,2009,62
814,258675.6154,14,Non-binary,4,3,2009,56
815,134988.4972,15,Male,4,20,2009,32
816,26285.91828,16,Non-binary,5,2,2009,73
817,56851.00778,17,Female,5,2,2009,40
818,61103.38388,18,Female,3,2,2009,29
819,77678.49674,19,Male,4,4,2009,44
820,7992.502587,20,Female,4,5,2009,76
821,159891.9721,21,Non-binary,6,2,2009,72
822,42339.89399,22,Male,5,2,2009,62
823,63056.24009,23,Female,3,1,2009,60
824,255620.5554,24,Female,3,2,2009,78
825,9985.786571,25,Female,6,2,2009,60
826,69540.94591,26,Male,4,1,2009,63
827,132573.4775,27,Male,5,1,2009,55
828,59679.66244,28,Male,4,3,2009,57
829,36442.15044,29,Male,5,3,2009,42
830,5343.940485,30,Female,5,2,2009,35
831,48505.1982,31,Male,5,3,2009,76
832,67684.65651,32,Male,4,1,2009,73
833,331309.6007,33,Non-binary,5,1,2009,62
834,8157.950379,34,Female,5,4,2009,68
835,25544.20381,35,Female,3,1,2009,28
836,2114.539586,36,Female,5,1,2009,51
837,172670.4483,37,Non-binary,4,6,2009,66
838,114370.8893,38,Male,4,6,2009,38
839,250940.1338,39,Non-binary,5,7,2009,43
840,31899.67678,40,Non-binary,4,2,2009,39
841,29717.33974,41,Non-binary,2,2,2009,34
842,33078.80973,42,Male,5,3,2009,48
843,35708.50674,43,Non-binary,3,2,2009,48
844,19351.61466,44,Male,4,1,2009,46
845,1012102.753,45,Non-binary,1,2,2009,35
846,56186.73589,46,Female,5,1,2009,34
847,1437653.517,47,Male,4,3,2009,39
848,32378.53404,48,Female,4,2,2009,51
849,27970.64693,49,Male,5,3,2009,41
850,5847.930465,50,Female,4,6,2009,71
851,34740.20355,51,Female,5,3,2009,29
852,7594.929937,52,Female,4,2,2009,50
853,62381.86615,53,Female,4,2,2009,68
854,36864.79593,54,Male,3,3,2009,33
855,58545.11623,55,Non-binary,3,1,2009,56
856,42278.40302,56,Non-binary,5,5,2009,38
857,21951.76825,57,Female,6,4,2009,34
858,177013.6474,58,Female,4,1,2009,65
859,254575.3556,59,Male,4,3,2009,73
860,13693.23731,60,Male,4,4,2009,46
861,12134.97359,61,Female,5,2,2009,61
862,27993.99645,62,Non-binary,4,3,2009,32
863,17459.05552,63,Female,5,1,2009,47
864,144353.1336,64,Female,4,6,2009,41
865,28095.46436,65,Male,3,2,2009,69
866,44420.92682,66,Female,5,7,2009,50
867,99386.12625,67,Female,4,2,2009,68
868,18895.29784,68,Non-binary,3,2,2009,68
869,31913.9786,69,Female,5,1,2009,68
870,2209.596152,70,Female,4,5,2009,49
871,406850.7984,71,Male,5,3,2009,65
872,72169.31961,72,Male,5,1,2009,59
873,757877.8585,73,Female,4,12,2009,63
874,18875.82099,74,Non-binary,5,3,2009,27
875,22309.38438,75,Male,4,1,2009,51
876,469086.9388,76,Male,3,3,2009,38
877,11874.81229,77,Female,4,3,2009,46
878,368173.7978,78,Male,5,3,2009,58
879,74680.97783,79,Female,4,1,2009,45
880,80847.89143,80,Male,4,1,2009,33
881,120426.793,81,Female,4,2,2009,39
882,92402.18252,82,Female,5,2,2009,61
883,2680.815059,83,Female,5,4,2009,48
884,29551.59266,84,Female,5,8,2009,67
885,1405497.175,85,Male,4,4,2009,32
886,156004.405,86,Non-binary,4,5,2009,49
887,164398.6276,87,Non-binary,4,3,2009,77
888,123568.7379,88,Female,3,1,2009,73
889,20691.87192,89,Male,4,2,2009,72
890,142213.2653,90,Non-binary,6,4,2009,36
891,2349.459067,91,Male,4,2,2009,34
892,197558.7935,92,Female,4,1,2009,60
893,8506.505418,93,Male,5,2,2009,45
894,120422.3373,94,Female,4,3,2009,60
895,41202.5473,95,Female,4,2,2009,43
896,33344.94382,96,Female,5,1,2009,37
897,149809.6563,97,Female,3,1,2009,67
898,68065.49479,98,Non-binary,3,3,2009,32
899,74097.85493,99,Male,5,5,2009,51
900,47269.43426,100,Male,4,1,2009,53
901,23707.52166,1,Male,5,2,2010,43
902,27048.64004,2,Female,5,2,2010,68
903,15266.27749,3,Non-binary,6,1,2010,49
904,195807.7638,4,Male,5,4,2010,73
905,66884.23553,5,Non-binary,4,2,2010,76
906,40954.32958,6,Male,5,1,2010,30
907,13098.42135,7,Female,4,3,2010,55
908,3145.628375,8,Male,4,1,2010,74
909,69548.79941,9,Non-binary,5,1,2010,56
910,101152.7308,10,Female,4,3,2010,51
911,79347.94794,11,Female,5,1,2010,77
912,58926.02899,12,Male,5,3,2010,51
913,12044.09052,13,Non-binary,4,2,2010,63
914,863215.7504,14,Non-binary,5,1,2010,57
915,143479.8234,15,Male,5,1,2010,33
916,35292.76445,16,Non-binary,4,1,2010,74
917,60646.68982,17,Female,4,1,2010,41
918,22453.15045,18,Female,3,3,2010,30
919,15143.69601,19,Male,5,5,2010,45
920,59579.31736,20,Female,5,6,2010,77
921,34855.71114,21,Non-binary,6,3,2010,73
922,12319.12307,22,Male,5,3,2010,63
923,15811.61896,23,Female,3,1,2010,61
924,10747.50849,24,Female,4,3,2010,79
925,22891.2195,25,Female,4,1,2010,61
926,197123.4911,26,Male,4,2,2010,64
927,89152.26871,27,Male,5,1,2010,56
928,403963.6054,28,Male,5,4,2010,58
929,81076.16374,29,Male,3,1,2010,43
930,155332.4316,30,Female,4,3,2010,36
931,64502.60439,31,Male,4,1,2010,77
932,21933.13388,32,Male,5,2,2010,74
933,154339.8887,33,Non-binary,5,2,2010,63
934,13679.47278,34,Female,3,1,2010,69
935,34866.29274,35,Female,4,1,2010,29
936,8542.378523,36,Female,5,2,2010,52
937,136324.3778,37,Non-binary,4,7,2010,67
938,177761.652,38,Male,4,7,2010,39
939,308177.5781,39,Non-binary,4,1,2010,44
940,22156.97119,40,Non-binary,4,1,2010,40
941,30567.71054,41,Non-binary,2,3,2010,35
942,47476.46042,42,Male,4,4,2010,49
943,40504.74708,43,Non-binary,4,3,2010,49
944,46086.23702,44,Male,4,1,2010,47
945,76509.14965,45,Non-binary,2,1,2010,36
946,17825.52506,46,Female,4,2,2010,35
947,828159.5547,47,Male,4,1,2010,40
948,7421.773753,48,Female,4,3,2010,52
949,21912.28792,49,Male,4,1,2010,42
950,33172.74619,50,Female,5,7,2010,72
951,61279.82829,51,Female,4,1,2010,30
952,25727.86065,52,Female,5,1,2010,51
953,38703.19439,53,Female,4,1,2010,69
954,111843.2123,54,Male,3,4,2010,34
955,22893.87408,55,Non-binary,3,1,2010,57
956,156580.1325,56,Non-binary,4,6,2010,39
957,15029.70461,57,Female,5,5,2010,35
958,26180.27154,58,Female,5,1,2010,66
959,141202.2834,59,Male,4,1,2010,74
960,150304.7836,60,Male,4,5,2010,47
961,257723.3814,61,Female,5,1,2010,62
962,26043.62722,62,Non-binary,4,4,2010,33
963,4780.905812,63,Female,4,2,2010,48
964,170012.9042,64,Female,5,7,2010,42
965,133337.6709,65,Male,3,3,2010,70
966,6987.716578,66,Female,6,8,2010,51
967,19062.8923,67,Female,4,3,2010,69
968,109688.0202,68,Non-binary,4,3,2010,69
969,75376.70331,69,Female,5,2,2010,69
970,17760.92599,70,Female,4,1,2010,50
971,146587.3056,71,Male,5,1,2010,66
972,72717.10627,72,Male,5,1,2010,60
973,9579.697954,73,Female,4,13,2010,64
974,10465.13133,74,Non-binary,4,1,2010,28
975,404622.3172,75,Male,4,2,2010,52
976,52273.4518,76,Male,4,1,2010,39
977,4547.485117,77,Female,5,4,2010,47
978,86065.01927,78,Male,5,4,2010,59
979,253.662868,79,Female,5,2,2010,46
980,7291.293272,80,Male,5,1,2010,34
981,83131.97314,81,Female,5,3,2010,40
982,10716.86281,82,Female,6,3,2010,62
983,128519.5724,83,Female,5,1,2010,49
984,10958.61484,84,Female,4,1,2010,68
985,359161.3044,85,Male,5,5,2010,33
986,231835.4799,86,Non-binary,5,1,2010,50
987,74882.0788,87,Non-binary,4,4,2010,78
988,152495.3155,88,Female,3,2,2010,74
989,193831.1893,89,Male,5,1,2010,73
990,195490.1595,90,Non-binary,6,5,2010,37
991,108525.2131,91,Male,4,3,2010,35
992,73575.23972,92,Female,5,2,2010,61
993,36372.81874,93,Male,5,1,2010,46
994,16616.62833,94,Female,4,1,2010,61
995,6077.611542,95,Female,4,3,2010,44
996,22504.70423,96,Female,5,1,2010,38
997,113734.4054,97,Female,3,2,2010,68
998,18978.18474,98,Non-binary,3,4,2010,33
999,60963.4411,99,Male,4,1,2010,52
1000,13839.00737,100,Male,5,2,2010,54
1001,201171.586,1,Male,5,1,2011,44
1002,67473.04682,2,Female,6,3,2011,69
1003,38313.33447,3,Non-binary,4,1,2011,50
1004,116619.1105,4,Male,5,5,2011,74
1005,53538.52552,5,Non-binary,4,3,2011,77
1006,53786.2033,6,Male,5,2,2011,31
1007,6303.353427,7,Female,5,1,2011,56
1008,247779.8355,8,Male,4,1,2011,75
1009,466759.07,9,Non-binary,3,2,2011,57
1010,180410.282,10,Female,5,4,2011,52
1011,18233.41175,11,Female,4,2,2011,78
1012,28464.15016,12,Male,5,1,2011,52
1013,19953.79504,13,Non-binary,5,3,2011,64
1014,723010.8317,14,Non-binary,4,2,2011,58
1015,51258.18233,15,Male,5,2,2011,34
1016,117653.8679,16,Non-binary,5,2,2011,75
1017,51320.01744,17,Female,4,1,2011,42
1018,94430.09117,18,Female,3,1,2011,31
1019,77568.33583,19,Male,5,1,2011,46
1020,52879.02638,20,Female,5,7,2011,78
1021,46314.15078,21,Non-binary,5,1,2011,74
1022,278363.1222,22,Male,5,4,2011,64
1023,399665.0722,23,Female,3,2,2011,62
1024,19837.12355,24,Female,5,4,2011,80
1025,12186.24429,25,Female,5,2,2011,62
1026,99860.96906,26,Male,5,3,2011,65
1027,56552.88803,27,Male,6,2,2011,57
1028,58871.33122,28,Male,5,1,2011,59
1029,67200.91246,29,Male,4,1,2011,44
1030,97443.18427,30,Female,4,4,2011,37
1031,133543.4623,31,Male,4,1,2011,78
1032,139585.3076,32,Male,6,1,2011,75
1033,23673.21487,33,Non-binary,5,1,2011,64
1034,94297.34741,34,Female,4,1,2011,70
1035,10286.30263,35,Female,4,2,2011,30
1036,68874.02682,36,Female,4,1,2011,53
1037,102899.5415,37,Non-binary,5,1,2011,68
1038,25073.0843,38,Male,4,1,2011,40
1039,28118.88067,39,Non-binary,4,1,2011,45
1040,26668.37986,40,Non-binary,4,2,2011,41
1041,30369.84971,41,Non-binary,2,1,2011,36
1042,454572.5992,42,Male,4,1,2011,50
1043,44887.0775,43,Non-binary,5,4,2011,50
1044,42836.74517,44,Male,4,2,2011,48
1045,83874.94642,45,Non-binary,2,2,2011,37
1046,14392.02761,46,Female,4,3,2011,36
1047,112358.7379,47,Male,5,2,2011,41
1048,56432.12935,48,Female,4,4,2011,53
1049,10523.32097,49,Male,4,2,2011,43
1050,58086.78317,50,Female,4,8,2011,73
1051,6777.302306,51,Female,5,2,2011,31
1052,21372.11979,52,Female,3,1,2011,52
1053,24297.01658,53,Female,5,1,2011,70
1054,187911.9441,54,Male,3,1,2011,35
1055,496389.3187,55,Non-binary,3,2,2011,58
1056,63278.53945,56,Non-binary,4,7,2011,40
1057,307708.6507,57,Female,3,1,2011,36
1058,68903.86785,58,Female,4,2,2011,67
1059,384523.7796,59,Male,4,1,2011,75
1060,251915.6672,60,Male,4,6,2011,48
1061,12765.29959,61,Female,5,1,2011,63
1062,85113.86949,62,Non-binary,5,5,2011,34
1063,2819.15942,63,Female,4,1,2011,49
1064,178364.4951,64,Female,6,8,2011,43
1065,57003.59031,65,Male,3,4,2011,71
1066,33730.79506,66,Female,5,1,2011,52
1067,17565.55667,67,Female,5,4,2011,70
1068,304101.2062,68,Non-binary,5,4,2011,70
1069,146345.778,69,Female,6,3,2011,70
1070,18993.71352,70,Female,5,2,2011,51
1071,885042.744,71,Male,5,2,2011,67
1072,131385.4037,72,Male,4,1,2011,61
1073,41481.07429,73,Female,5,14,2011,65
1074,591986.2181,74,Non-binary,5,2,2011,29
1075,32959.90127,75,Male,4,1,2011,53
1076,89413.56754,76,Male,4,2,2011,40
1077,1006.178019,77,Female,6,1,2011,48
1078,66203.24764,78,Male,3,1,2011,60
1079,5840.331434,79,Female,6,3,2011,47
1080,43655.46707,80,Male,5,1,2011,35
1081,3161.949669,81,Female,5,1,2011,41
1082,7522.213983,82,Female,5,4,2011,63
1083,58549.15883,83,Female,5,2,2011,50
1084,17551.55879,84,Female,4,1,2011,69
1085,193911.4562,85,Male,5,6,2011,34
1086,115337.1308,86,Non-binary,3,1,2011,51
1087,87615.82408,87,Non-binary,4,1,2011,79
1088,8090.414261,88,Female,4,3,2011,75
1089,66305.34425,89,Male,5,1,2011,74
1090,16194.16801,90,Non-binary,6,6,2011,38
1091,106321.8928,91,Male,5,4,2011,36
1092,176865.3707,92,Female,6,3,2011,62
1093,21011.07361,93,Male,4,2,2011,47
1094,6668.277876,94,Female,4,2,2011,62
1095,7501.995875,95,Female,4,4,2011,45
1096,6888.638012,96,Female,4,2,2011,39
1097,42026.29909,97,Female,4,3,2011,69
1098,115511.6025,98,Non-binary,3,5,2011,34
1099,379196.246,99,Male,5,2,2011,53
1100,86283.22156,100,Male,4,3,2011,55
1101,11934.14506,1,Male,5,2,2012,45
1102,109081.8875,2,Female,5,1,2012,70
1103,24890.99824,3,Non-binary,4,2,2012,51
1104,75741.80012,4,Male,5,6,2012,75
1105,87337.66512,5,Non-binary,5,1,2012,78
1106,30314.61462,6,Male,4,1,2012,32
1107,15437.3415,7,Female,5,2,2012,57
1108,109753.8852,8,Male,5,2,2012,76
1109,271337.5881,9,Non-binary,3,3,2012,58
1110,260304.6469,10,Female,4,5,2012,53
1111,17578.3848,11,Female,4,1,2012,79
1112,8971.162951,12,Male,4,2,2012,53
1113,128209.3564,13,Non-binary,5,1,2012,65
1114,108535.228,14,Non-binary,5,3,2012,59
1115,58415.35192,15,Male,5,3,2012,35
1116,20402.14437,16,Non-binary,5,3,2012,76
1117,30736.76199,17,Female,4,2,2012,43
1118,25677.62747,18,Female,4,2,2012,32
1119,45100.04162,19,Male,5,2,2012,47
1120,296662.368,20,Female,5,8,2012,79
1121,60238.48236,21,Non-binary,6,2,2012,75
1122,33344.80772,22,Male,4,1,2012,65
1123,44919.84912,23,Female,3,3,2012,63
1124,10558.71662,24,Female,5,5,2012,81
1125,55166.55662,25,Female,4,3,2012,63
1126,84069.66557,26,Male,5,1,2012,66
1127,329797.0945,27,Male,5,3,2012,58
1128,233711.7536,28,Male,4,1,2012,60
1129,18019.70236,29,Male,4,2,2012,45
1130,5024.178868,30,Female,4,5,2012,38
1131,31462.8571,31,Male,5,1,2012,79
1132,23597.60444,32,Male,6,1,2012,76
1133,36566.42511,33,Non-binary,4,2,2012,65
1134,49110.2574,34,Female,4,1,2012,71
1135,30535.02025,35,Female,5,3,2012,31
1136,137189.9916,36,Female,4,2,2012,54
1137,209197.8685,37,Non-binary,4,2,2012,69
1138,55400.66631,38,Male,4,2,2012,41
1139,1191431.671,39,Non-binary,5,2,2012,46
1140,46715.83284,40,Non-binary,5,3,2012,42
1141,107316.5451,41,Non-binary,2,1,2012,37
1142,40487.50073,42,Male,5,1,2012,51
1143,40177.07859,43,Non-binary,3,5,2012,51
1144,43229.82168,44,Male,5,1,2012,49
1145,12540.38433,45,Non-binary,2,3,2012,38
1146,48678.4447,46,Female,5,4,2012,37
1147,321481.2981,47,Male,5,3,2012,42
1148,10857.55273,48,Female,5,1,2012,54
1149,73724.64732,49,Male,4,1,2012,44
1150,46893.90491,50,Female,5,9,2012,74
1151,149898.3652,51,Female,5,3,2012,32
1152,10636.78089,52,Female,3,1,2012,53
1153,138290.6029,53,Female,3,2,2012,71
1154,1524115.149,54,Male,3,2,2012,36
1155,72758.10611,55,Non-binary,3,3,2012,59
1156,12876.01288,56,Non-binary,5,1,2012,41
1157,21829.44084,57,Female,4,1,2012,37
1158,11228.35451,58,Female,5,1,2012,68
1159,44844.57751,59,Male,4,1,2012,76
1160,158311.3894,60,Male,4,1,2012,49
1161,12478.75905,61,Female,5,1,2012,64
1162,18617.36908,62,Non-binary,4,6,2012,35
1163,2280.706397,63,Female,5,1,2012,50
1164,2526.264209,64,Female,6,9,2012,44
1165,15114.9882,65,Male,4,5,2012,72
1166,36719.19549,66,Female,5,1,2012,53
1167,17149.96643,67,Female,6,5,2012,71
1168,77601.89213,68,Non-binary,5,1,2012,71
1169,44057.44412,69,Female,4,1,2012,71
1170,88532.7248,70,Female,5,3,2012,52
1171,137789.3977,71,Male,6,3,2012,68
1172,478186.7576,72,Male,4,1,2012,62
1173,284749.292,73,Female,5,15,2012,66
1174,12100.81024,74,Non-binary,4,3,2012,30
1175,55654.06845,75,Male,4,2,2012,54
1176,226957.5321,76,Male,5,1,2012,41
1177,6786.034253,77,Female,5,2,2012,49
1178,66056.08071,78,Male,4,2,2012,61
1179,71883.36084,79,Female,5,4,2012,48
1180,52674.62155,80,Male,4,2,2012,36
1181,72736.37656,81,Female,4,1,2012,42
1182,21897.79199,82,Female,5,1,2012,64
1183,6675.180201,83,Female,5,3,2012,51
1184,91918.12465,84,Female,4,2,2012,70
1185,355348.2017,85,Male,4,7,2012,35
1186,25479.10473,86,Non-binary,4,1,2012,52
1187,298894.1843,87,Non-binary,5,2,2012,80
1188,7968.467988,88,Female,4,4,2012,76
1189,94099.72763,89,Male,5,2,2012,75
1190,249819.2667,90,Non-binary,5,1,2012,39
1191,78834.81312,91,Male,5,5,2012,37
1192,73937.82874,92,Female,5,4,2012,63
1193,87657.98494,93,Male,4,3,2012,48
1194,411075.0126,94,Female,5,1,2012,63
1195,1864.117701,95,Female,5,1,2012,46
1196,34228.79731,96,Female,5,3,2012,40
1197,31746.00519,97,Female,4,4,2012,70
1198,13951.01633,98,Non-binary,3,6,2012,35
1199,8802.541814,99,Male,5,1,2012,54
1200,7751.274171,100,Male,4,1,2012,56
1201,41840.84523,1,Male,4,1,2013,46
1202,114066.2642,2,Female,4,2,2013,71
1203,44661.61182,3,Non-binary,5,1,2013,52
1204,22245.1649,4,Male,4,7,2013,76
1205,30044.96229,5,Non-binary,4,2,2013,79
1206,16712.27952,6,Male,5,2,2013,33
1207,86917.48822,7,Female,5,3,2013,58
1208,52194.00847,8,Male,6,3,2013,77
1209,1829106.36,9,Non-binary,4,1,2013,59
1210,61399.13172,10,Female,5,6,2013,54
1211,110781.2345,11,Female,5,2,2013,80
1212,29165.39992,12,Male,4,1,2013,54
1213,18690.55804,13,Non-binary,4,2,2013,66
1214,44878.83681,14,Non-binary,4,1,2013,60
1215,325586.0436,15,Male,3,4,2013,36
1216,17843.11477,16,Non-binary,6,1,2013,77
1217,65697.82006,17,Female,4,1,2013,44
1218,16686.41224,18,Female,5,1,2013,33
1219,270850.0849,19,Male,3,1,2013,48
1220,52532.79108,20,Female,4,1,2013,80
1221,239250.1511,21,Non-binary,6,1,2013,76
1222,284242.1627,22,Male,4,2,2013,66
1223,86633.15411,23,Female,4,1,2013,64
1224,200524.5826,24,Female,4,6,2013,82
1225,22926.0865,25,Female,4,4,2013,64
1226,98113.86752,26,Male,4,2,2013,67
1227,30388.58003,27,Male,5,1,2013,59
1228,592256.9919,28,Male,4,1,2013,61
1229,539031.1594,29,Male,5,3,2013,46
1230,5455.350133,30,Female,4,1,2013,39
1231,320259.4852,31,Male,5,1,2013,80
1232,674990.41,32,Male,5,2,2013,77
1233,90381.69644,33,Non-binary,5,3,2013,66
1234,22573.58147,34,Female,5,2,2013,72
1235,146046.6069,35,Female,3,4,2013,32
1236,12152.0608,36,Female,4,3,2013,55
1237,129856.2842,37,Non-binary,5,3,2013,70
1238,86588.3179,38,Male,4,3,2013,42
1239,233829.6831,39,Non-binary,5,3,2013,47
1240,36929.6262,40,Non-binary,4,1,2013,43
1241,35388.12592,41,Non-binary,2,2,2013,38
1242,53146.75625,42,Male,6,1,2013,52
1243,66630.35685,43,Non-binary,3,6,2013,52
1244,70821.25956,44,Male,5,2,2013,50
1245,23813.54448,45,Non-binary,2,4,2013,39
1246,190184.6055,46,Female,5,1,2013,38
1247,37193.4858,47,Male,5,4,2013,43
1248,29445.37786,48,Female,5,1,2013,55
1249,35075.59281,49,Male,4,1,2013,45
1250,59229.26273,50,Female,4,10,2013,75
1251,175121.8934,51,Female,4,4,2013,33
1252,6448.150077,52,Female,4,2,2013,54
1253,39237.05215,53,Female,3,3,2013,72
1254,111801.5863,54,Male,3,3,2013,37
1255,32545.6946,55,Non-binary,3,1,2013,60
1256,42289.68581,56,Non-binary,5,1,2013,42
1257,39442.4445,57,Female,4,1,2013,38
1258,89249.51868,58,Female,5,1,2013,69
1259,814533.0941,59,Male,4,1,2013,77
1260,95530.3412,60,Male,5,2,2013,50
1261,13164.61078,61,Female,4,2,2013,65
1262,14241.18736,62,Non-binary,5,7,2013,36
1263,39565.97267,63,Female,3,2,2013,51
1264,73180.82216,64,Female,5,10,2013,45
1265,25611.73147,65,Male,4,1,2013,73
1266,278842.5007,66,Female,4,2,2013,54
1267,50214.97548,67,Female,5,6,2013,72
1268,63975.30982,68,Non-binary,6,2,2013,72
1269,22647.19584,69,Female,4,2,2013,72
1270,24181.64625,70,Female,4,1,2013,53
1271,47265.88363,71,Male,4,4,2013,69
1272,198422.6343,72,Male,5,1,2013,63
1273,112484.0719,73,Female,4,16,2013,67
1274,26434.89286,74,Non-binary,5,1,2013,31
1275,36523.75315,75,Male,4,1,2013,55
1276,59817.9574,76,Male,5,1,2013,42
1277,8373.32227,77,Female,4,3,2013,50
1278,253850.8468,78,Male,5,1,2013,62
1279,90890.17792,79,Female,3,1,2013,49
1280,74976.60287,80,Male,4,3,2013,37
1281,10519.67048,81,Female,5,2,2013,43
1282,98769.77279,82,Female,4,2,2013,65
1283,15503.31671,83,Female,6,4,2013,52
1284,163363.6746,84,Female,4,1,2013,71
1285,35344.92611,85,Male,5,1,2013,36
1286,33520.74244,86,Non-binary,4,2,2013,53
1287,57999.44964,87,Non-binary,5,3,2013,81
1288,5236.991407,88,Female,5,5,2013,77
1289,169586.1786,89,Male,3,3,2013,76
1290,65807.05779,90,Non-binary,6,2,2013,40
1291,20046.52187,91,Male,4,6,2013,38
1292,151740.5593,92,Female,4,1,2013,64
1293,554041.8331,93,Male,5,4,2013,49
1294,136691.3113,94,Female,5,2,2013,64
1295,31807.39723,95,Female,4,2,2013,47
1296,250734.9804,96,Female,3,4,2013,41
1297,43100.49766,97,Female,4,1,2013,71
1298,107614.6524,98,Non-binary,4,7,2013,36
1299,109403.3974,99,Male,5,2,2013,55
1300,6931.616693,100,Male,5,2,2013,57
1301,258429.2615,1,Male,5,1,2014,47
1302,214980.3146,2,Female,4,3,2014,72
1303,191332.3841,3,Non-binary,3,2,2014,53
1304,7805.681743,4,Male,5,1,2014,77
1305,100438.8385,5,Non-binary,5,3,2014,80
1306,15997.34234,6,Male,5,3,2014,34
1307,21061.31721,7,Female,5,4,2014,59
1308,18871.69708,8,Male,5,4,2014,78
1309,57472.31946,9,Non-binary,4,2,2014,60
1310,18204.45677,10,Female,4,1,2014,55
1311,16938.26106,11,Female,5,3,2014,81
1312,17631.60699,12,Male,4,2,2014,55
1313,20932.491,13,Non-binary,5,3,2014,67
1314,77090.89929,14,Non-binary,5,1,2014,61
1315,32920.65935,15,Male,3,5,2014,37
1316,82238.02908,16,Non-binary,6,1,2014,78
1317,12879.26104,17,Female,4,1,2014,45
1318,54848.62291,18,Female,5,2,2014,34
1319,120067.8131,19,Male,3,1,2014,49
1320,55980.47518,20,Female,5,2,2014,81
1321,375720.1079,21,Non-binary,5,2,2014,77
1322,347386.0744,22,Male,5,3,2014,67
1323,35248.02081,23,Female,4,1,2014,65
1324,117433.3397,24,Female,4,7,2014,83
1325,18107.6508,25,Female,4,1,2014,65
1326,203806.8034,26,Male,4,3,2014,68
1327,65094.32509,27,Male,5,2,2014,60
1328,140869.8532,28,Male,4,1,2014,62
1329,31940.39212,29,Male,5,4,2014,47
1330,5271.709605,30,Female,4,1,2014,40
1331,137635.7815,31,Male,5,2,2014,81
1332,43942.81396,32,Male,5,3,2014,78
1333,50366.70984,33,Non-binary,4,1,2014,67
1334,10474.06064,34,Female,5,3,2014,73
1335,28704.1852,35,Female,3,1,2014,33
1336,45621.53821,36,Female,5,4,2014,56
1337,32836.98447,37,Non-binary,3,1,2014,71
1338,24191.57332,38,Male,4,4,2014,43
1339,222736.9376,39,Non-binary,5,4,2014,48
1340,130550.0314,40,Non-binary,4,2,2014,44
1341,33461.47547,41,Non-binary,3,1,2014,39
1342,8023.703277,42,Male,4,1,2014,53
1343,18221.22969,43,Non-binary,3,1,2014,53
1344,62014.39412,44,Male,5,1,2014,51
1345,144466.6934,45,Non-binary,2,5,2014,40
1346,187227.6888,46,Female,3,2,2014,39
1347,225425.0419,47,Male,6,5,2014,44
1348,6619.578232,48,Female,6,2,2014,56
1349,67634.30025,49,Male,5,2,2014,46
1350,134772.477,50,Female,4,1,2014,76
1351,48085.66027,51,Female,4,5,2014,34
1352,2207.014491,52,Female,5,3,2014,55
1353,21934.74066,53,Female,3,4,2014,73
1354,94923.76862,54,Male,3,1,2014,38
1355,49153.63222,55,Non-binary,4,2,2014,61
1356,323075.1943,56,Non-binary,5,1,2014,43
1357,44899.51346,57,Female,4,2,2014,39
1358,12745.9328,58,Female,4,2,2014,70
1359,39578.87101,59,Male,4,2,2014,78
1360,14823.08143,60,Male,5,1,2014,51
1361,62652.25869,61,Female,5,3,2014,66
1362,69814.97738,62,Non-binary,3,8,2014,37
1363,47923.12953,63,Female,4,3,2014,52
1364,47431.78942,64,Female,5,11,2014,46
1365,8931.651039,65,Male,4,1,2014,74
1366,6739.382025,66,Female,4,1,2014,55
1367,16314.22764,67,Female,5,7,2014,73
1368,11143.87769,68,Non-binary,6,1,2014,73
1369,724965.1151,69,Female,4,1,2014,73
1370,36752.72332,70,Female,5,2,2014,54
1371,633550.124,71,Male,5,5,2014,70
1372,25712.39343,72,Male,5,2,2014,64
1373,24147.47725,73,Female,5,17,2014,68
1374,17466.42948,74,Non-binary,3,1,2014,32
1375,155572.738,75,Male,5,2,2014,56
1376,366487.9336,76,Male,4,2,2014,43
1377,20034.89392,77,Female,5,4,2014,51
1378,108272.7729,78,Male,5,2,2014,63
1379,7217.761455,79,Female,4,2,2014,50
1380,38237.12441,80,Male,5,4,2014,38
1381,27595.09071,81,Female,5,3,2014,44
1382,25997.39814,82,Female,4,3,2014,66
1383,22676.40541,83,Female,5,5,2014,53
1384,33866.58739,84,Female,5,2,2014,72
1385,409217.1689,85,Male,4,1,2014,37
1386,95549.48467,86,Non-binary,4,1,2014,54
1387,88611.97251,87,Non-binary,4,4,2014,82
1388,7271.656603,88,Female,4,6,2014,78
1389,756556.8449,89,Male,4,4,2014,77
1390,158645.5625,90,Non-binary,4,3,2014,41
1391,308823.8066,91,Male,5,7,2014,39
1392,131146.7607,92,Female,4,1,2014,65
1393,21346.64075,93,Male,5,1,2014,50
1394,444431.6424,94,Female,4,3,2014,65
1395,14019.25613,95,Female,5,3,2014,48
1396,12056.13837,96,Female,4,5,2014,42
1397,43277.31756,97,Female,4,2,2014,72
1398,16039.0365,98,Non-binary,5,8,2014,37
1399,132343.017,99,Male,3,1,2014,56
1400,34660.87458,100,Male,4,1,2014,58
1401,24256.6781,1,Male,4,2,2015,48
1402,71869.28228,2,Female,5,4,2015,73
1403,128149.4088,3,Non-binary,3,3,2015,54
1404,151244.8437,4,Male,6,1,2015,78
1405,116618.5654,5,Non-binary,4,1,2015,81
1406,47342.03407,6,Male,4,4,2015,35
1407,30877.97837,7,Female,4,5,2015,60
1408,109187.463,8,Male,5,1,2015,79
1409,138264.0544,9,Non-binary,5,3,2015,61
1410,89520.76763,10,Female,4,2,2015,56
1411,37229.10026,11,Female,5,1,2015,82
1412,51556.40382,12,Male,4,3,2015,56
1413,19443.03634,13,Non-binary,4,4,2015,68
1414,126658.1622,14,Non-binary,5,2,2015,62
1415,17376.48165,15,Male,4,1,2015,38
1416,112461.9486,16,Non-binary,4,2,2015,79
1417,44052.93829,17,Female,4,1,2015,46
1418,40743.71949,18,Female,6,3,2015,35
1419,141008.3875,19,Male,4,1,2015,50
1420,35053.85401,20,Female,5,3,2015,82
1421,140151.6783,21,Non-binary,4,3,2015,78
1422,57181.27507,22,Male,4,4,2015,68
1423,25660.11326,23,Female,5,1,2015,66
1424,163864.641,24,Female,5,8,2015,84
1425,56791.28429,25,Female,4,1,2015,66
1426,75523.48849,26,Male,4,1,2015,69
1427,62844.33235,27,Male,4,3,2015,61
1428,173196.6503,28,Male,4,2,2015,63
1429,97298.61461,29,Male,5,1,2015,48
1430,9508.885563,30,Female,5,1,2015,41
1431,42925.60576,31,Male,3,1,2015,82
1432,72964.30263,32,Male,4,4,2015,79
1433,201544.9801,33,Non-binary,4,1,2015,68
1434,9844.097029,34,Female,4,1,2015,74
1435,57181.24507,35,Female,3,1,2015,34
1436,88215.24142,36,Female,3,5,2015,57
1437,58969.70932,37,Non-binary,4,2,2015,72
1438,26604.169,38,Male,4,5,2015,44
1439,145680.4228,39,Non-binary,5,1,2015,49
1440,1298322.073,40,Non-binary,5,3,2015,45
1441,128238.6299,41,Non-binary,4,1,2015,40
1442,28307.72746,42,Male,5,2,2015,54
1443,137638.2221,43,Non-binary,3,1,2015,54
1444,91418.76676,44,Male,4,2,2015,52
1445,13682.41986,45,Non-binary,3,6,2015,41
1446,43260.34093,46,Female,3,3,2015,40
1447,1128532.295,47,Male,6,1,2015,45
1448,98359.87749,48,Female,6,1,2015,57
1449,13756.58098,49,Male,4,1,2015,47
1450,73773.00773,50,Female,4,2,2015,77
1451,31462.4225,51,Female,5,1,2015,35
1452,74311.12766,52,Female,5,4,2015,56
1453,16905.29203,53,Female,4,5,2015,74
1454,227717.3904,54,Male,3,1,2015,39
1455,53275.59627,55,Non-binary,5,3,2015,62
1456,80798.28583,56,Non-binary,4,2,2015,44
1457,42510.63139,57,Female,5,1,2015,40
1458,44160.98487,58,Female,4,3,2015,71
1459,176412.1839,59,Male,5,1,2015,79
1460,141214.2551,60,Male,5,2,2015,52
1461,6595.813402,61,Female,6,4,2015,67
1462,22525.6057,62,Non-binary,4,1,2015,38
1463,13182.35712,63,Female,4,4,2015,53
1464,124944.4666,64,Female,4,12,2015,47
1465,94927.02757,65,Male,4,2,2015,75
1466,25592.54451,66,Female,4,1,2015,56
1467,22209.38717,67,Female,4,8,2015,74
1468,675472.9875,68,Non-binary,6,2,2015,74
1469,57726.44792,69,Female,4,2,2015,74
1470,5563.477231,70,Female,5,3,2015,55
1471,25015.48127,71,Male,5,6,2015,71
1472,15942.54712,72,Male,4,3,2015,65
1473,36968.72547,73,Female,3,18,2015,69
1474,45508.17863,74,Non-binary,3,1,2015,33
1475,337565.2966,75,Male,5,3,2015,57
1476,100510.3731,76,Male,4,3,2015,44
1477,1514.5685,77,Female,6,5,2015,52
1478,312082.8236,78,Male,6,1,2015,64
1479,24512.79385,79,Female,5,1,2015,51
1480,22726.2001,80,Male,5,1,2015,39
1481,19017.77885,81,Female,4,4,2015,45
1482,53602.47877,82,Female,4,1,2015,67
1483,26893.91842,83,Female,4,6,2015,54
1484,10826.73692,84,Female,5,1,2015,73
1485,105966.2393,85,Male,4,1,2015,38
1486,50826.41614,86,Non-binary,4,1,2015,55
1487,53682.04322,87,Non-binary,4,1,2015,83
1488,249133.1074,88,Female,5,7,2015,79
1489,17043.93379,89,Male,4,5,2015,78
1490,30082.28869,90,Non-binary,5,4,2015,42
1491,8389.057649,91,Male,5,8,2015,40
1492,85701.70946,92,Female,4,1,2015,66
1493,27066.02976,93,Male,4,1,2015,51
1494,267415.1314,94,Female,4,4,2015,66
1495,26160.11511,95,Female,5,4,2015,49
1496,37433.93019,96,Female,5,6,2015,43
1497,25451.57068,97,Female,5,3,2015,73
1498,26279.94586,98,Non-binary,5,1,2015,38
1499,16657.54849,99,Male,3,1,2015,57
1500,34122.91678,100,Male,5,2,2015,59
1501,48799.96929,1,Male,4,1,2016,49
1502,60935.17828,2,Female,4,5,2016,74
1503,125073.7967,3,Non-binary,4,1,2016,55
1504,94863.49087,4,Male,5,2,2016,79
1505,20152.42071,5,Non-binary,4,2,2016,82
1506,257543.3374,6,Male,4,5,2016,36
1507,9965.803807,7,Female,4,6,2016,61
1508,150122.7199,8,Male,4,2,2016,80
1509,11328.88883,9,Non-binary,4,1,2016,62
1510,101379.8627,10,Female,5,1,2016,57
1511,17784.94229,11,Female,5,2,2016,83
1512,28757.40433,12,Male,4,4,2016,57
1513,4153.552004,13,Non-binary,5,5,2016,69
1514,114238.3898,14,Non-binary,5,3,2016,63
1515,8368.509667,15,Male,5,1,2016,39
1516,73515.50539,16,Non-binary,5,3,2016,80
1517,9286.97912,17,Female,4,1,2016,47
1518,8418.383143,18,Female,5,1,2016,36
1519,110786.6283,19,Male,4,1,2016,51
1520,69033.26749,20,Female,4,4,2016,83
1521,56945.87728,21,Non-binary,4,4,2016,79
1522,79605.26919,22,Male,4,1,2016,69
1523,44684.82714,23,Female,4,2,2016,67
1524,113506.0766,24,Female,5,9,2016,85
1525,109019.7956,25,Female,5,1,2016,67
1526,47602.06396,26,Male,5,2,2016,70
1527,73481.93415,27,Male,5,4,2016,62
1528,109388.1484,28,Male,5,3,2016,64
1529,54116.34666,29,Male,4,2,2016,49
1530,7767.852753,30,Female,4,1,2016,42
1531,414309.2209,31,Male,4,1,2016,83
1532,48129.3353,32,Male,5,5,2016,80
1533,32180.26278,33,Non-binary,4,1,2016,69
1534,38873.12388,34,Female,5,2,2016,75
1535,14331.29916,35,Female,4,2,2016,35
1536,92441.41304,36,Female,3,6,2016,58
1537,121491.8891,37,Non-binary,5,3,2016,73
1538,45287.96885,38,Male,4,1,2016,45
1539,466366.2304,39,Non-binary,4,1,2016,50
1540,29967.29424,40,Non-binary,5,4,2016,46
1541,9898.275857,41,Non-binary,4,2,2016,41
1542,91448.21614,42,Male,5,3,2016,55
1543,97543.1204,43,Non-binary,3,2,2016,55
1544,67865.92402,44,Male,4,3,2016,53
1545,49123.93328,45,Non-binary,4,7,2016,42
1546,25305.96956,46,Female,4,4,2016,41
1547,65621.60932,47,Male,5,1,2016,46
1548,36646.66,48,Female,4,2,2016,58
1549,13602.4795,49,Male,5,2,2016,48
1550,23453.64186,50,Female,5,3,2016,78
1551,68989.07378,51,Female,6,1,2016,36
1552,8832.489492,52,Female,6,5,2016,57
1553,257162.1993,53,Female,5,1,2016,75
1554,117312.4,54,Male,4,1,2016,40
1555,481903.3161,55,Non-binary,6,4,2016,63
1556,17772.36611,56,Non-binary,5,3,2016,45
1557,148465.5187,57,Female,5,2,2016,41
1558,6579.120964,58,Female,4,4,2016,72
1559,59269.54622,59,Male,4,2,2016,80
1560,33965.80172,60,Male,4,3,2016,53
1561,5987.771895,61,Female,4,5,2016,68
1562,32812.96223,62,Non-binary,5,1,2016,39
1563,21666.10052,63,Female,4,1,2016,54
1564,53843.15273,64,Female,4,13,2016,48
1565,18163.0343,65,Male,5,3,2016,76
1566,16452.39453,66,Female,5,2,2016,57
1567,146807.6532,67,Female,4,9,2016,75
1568,16577.80284,68,Non-binary,6,1,2016,75
1569,5117.22959,69,Female,5,3,2016,75
1570,25797.54203,70,Female,6,1,2016,56
1571,228415.9915,71,Male,4,7,2016,72
1572,542818.929,72,Male,5,4,2016,66
1573,224200.586,73,Female,4,19,2016,70
1574,21710.79566,74,Non-binary,4,1,2016,34
1575,40008.0333,75,Male,3,1,2016,58
1576,52785.72594,76,Male,4,1,2016,45
1577,27893.54983,77,Female,4,1,2016,53
1578,257697.7963,78,Male,5,1,2016,65
1579,39129.92913,79,Female,6,1,2016,52
1580,153063.6013,80,Male,3,2,2016,40
1581,4628.444854,81,Female,5,5,2016,46
1582,28363.5007,82,Female,4,2,2016,68
1583,8150.700009,83,Female,5,7,2016,55
1584,53868.91326,84,Female,5,2,2016,74
1585,739578.8698,85,Male,4,2,2016,39
1586,35750.71652,86,Non-binary,4,1,2016,56
1587,199901.2296,87,Non-binary,5,2,2016,84
1588,50798.53974,88,Female,5,1,2016,80
1589,65553.37426,89,Male,5,6,2016,79
1590,8965.663881,90,Non-binary,6,5,2016,43
1591,5787.791502,91,Male,4,9,2016,41
1592,10148.90575,92,Female,5,1,2016,67
1593,23651.05307,93,Male,5,2,2016,52
1594,426680.6864,94,Female,5,5,2016,67
1595,40573.37298,95,Female,4,1,2016,50
1596,19420.73053,96,Female,4,1,2016,44
1597,34383.33162,97,Female,4,4,2016,74
1598,41458.87736,98,Non-binary,5,1,2016,39
1599,76011.43482,99,Male,4,2,2016,58
1600,84820.96075,100,Male,3,1,2016,60
1601,61405.16772,1,Male,5,2,2017,50
1602,31880.58529,2,Female,5,1,2017,75
1603,23911.70947,3,Non-binary,4,2,2017,56
1604,16544.65514,4,Male,3,1,2017,80
1605,103163.2976,5,Non-binary,5,1,2017,83
1606,39509.52677,6,Male,4,1,2017,37
1607,13603.0446,7,Female,5,7,2017,62
1608,258847.7915,8,Male,4,3,2017,81
1609,109937.112,9,Non-binary,4,2,2017,63
1610,24525.39014,10,Female,4,2,2017,58
1611,269824.1273,11,Female,3,1,2017,84
1612,183731.2348,12,Male,5,1,2017,58
1613,22471.86132,13,Non-binary,4,6,2017,70
1614,66406.70707,14,Non-binary,4,4,2017,64
1615,35761.92586,15,Male,4,2,2017,40
1616,196196.233,16,Non-binary,3,4,2017,81
1617,4595.778166,17,Female,5,1,2017,48
1618,204872.3832,18,Female,5,1,2017,37
1619,30281.50135,19,Male,4,2,2017,52
1620,46670.68506,20,Female,5,5,2017,84
1621,278022.7023,21,Non-binary,4,1,2017,80
1622,30968.41296,22,Male,5,2,2017,70
1623,49112.64859,23,Female,4,1,2017,68
1624,13247.40651,24,Female,6,10,2017,86
1625,53785.80858,25,Female,3,2,2017,68
1626,382140.2235,26,Male,4,1,2017,71
1627,66261.35094,27,Male,5,1,2017,63
1628,113542.107,28,Male,4,4,2017,65
1629,87591.70945,29,Male,4,3,2017,50
1630,32634.8302,30,Female,5,2,2017,43
1631,102882.2078,31,Male,4,1,2017,84
1632,129238.2433,32,Male,6,1,2017,81
1633,66708.34027,33,Non-binary,4,1,2017,70
1634,23478.29966,34,Female,5,3,2017,76
1635,42621.1428,35,Female,4,3,2017,36
1636,212295.9285,36,Female,3,1,2017,59
1637,125221.4807,37,Non-binary,4,1,2017,74
1638,121757.0163,38,Male,5,1,2017,46
1639,196936.8017,39,Non-binary,4,2,2017,51
1640,97999.63403,40,Non-binary,4,5,2017,47
1641,26937.58321,41,Non-binary,4,3,2017,42
1642,292387.0091,42,Male,4,1,2017,56
1643,17406.07663,43,Non-binary,4,1,2017,56
1644,23848.01309,44,Male,4,1,2017,54
1645,116363.1227,45,Non-binary,5,1,2017,43
1646,56967.16674,46,Female,5,1,2017,42
1647,139495.1952,47,Male,5,2,2017,47
1648,35516.38486,48,Female,4,3,2017,59
1649,72784.66492,49,Male,6,3,2017,49
1650,31472.61603,50,Female,5,4,2017,79
1651,13285.4178,51,Female,6,2,2017,37
1652,4508.01873,52,Female,4,6,2017,58
1653,134906.7958,53,Female,6,2,2017,76
1654,24790.53273,54,Male,5,1,2017,41
1655,7989.950573,55,Non-binary,5,1,2017,64
1656,2864.802826,56,Non-binary,5,4,2017,46
1657,318613.5064,57,Female,4,1,2017,42
1658,38181.0938,58,Female,5,1,2017,73
1659,290015.0967,59,Male,4,3,2017,81
1660,10129.60808,60,Male,4,1,2017,54
1661,26753.2612,61,Female,5,6,2017,69
1662,11529.08891,62,Non-binary,5,2,2017,40
1663,44958.62793,63,Female,4,1,2017,55
1664,22932.19105,64,Female,5,1,2017,49
1665,138250.7996,65,Male,5,4,2017,77
1666,7992.297654,66,Female,6,3,2017,58
1667,69818.48586,67,Female,4,10,2017,76
1668,98779.71373,68,Non-binary,5,1,2017,76
1669,12897.95214,69,Female,4,4,2017,76
1670,9693.797525,70,Female,5,2,2017,57
1671,107864.0462,71,Male,5,8,2017,73
1672,253389.5568,72,Male,5,5,2017,67
1673,32184.01969,73,Female,4,20,2017,71
1674,25190.85852,74,Non-binary,4,1,2017,35
1675,10646.37151,75,Male,4,2,2017,59
1676,194383.3486,76,Male,4,1,2017,46
1677,3075.871736,77,Female,5,2,2017,54
1678,349358.4957,78,Male,4,2,2017,66
1679,57455.21696,79,Female,4,1,2017,53
1680,85947.60368,80,Male,4,3,2017,41
1681,882.0069152,81,Female,4,6,2017,47
1682,7023.477932,82,Female,5,3,2017,69
1683,27368.69855,83,Female,4,8,2017,56
1684,124875.7379,84,Female,4,1,2017,75
1685,343821.3494,85,Male,4,3,2017,40
1686,71650.75821,86,Non-binary,4,1,2017,57
1687,237371.34,87,Non-binary,5,3,2017,85
1688,36725.2388,88,Female,5,2,2017,81
1689,166785.063,89,Male,5,7,2017,80
1690,41823.56114,90,Non-binary,6,6,2017,44
1691,11255.09482,91,Male,4,10,2017,42
1692,15248.48989,92,Female,4,1,2017,68
1693,93980.65867,93,Male,5,1,2017,53
1694,38736.33144,94,Female,5,6,2017,68
1695,70878.95374,95,Female,4,2,2017,51
1696,27059.19625,96,Female,4,1,2017,45
1697,30278.08381,97,Female,5,5,2017,75
1698,50161.85294,98,Non-binary,4,1,2017,40
1699,57531.57433,99,Male,4,3,2017,59
1700,15858.35063,100,Male,4,1,2017,61
1701,577510.4106,1,Male,5,3,2018,51
1702,209708.2856,2,Female,3,1,2018,76
1703,86146.9029,3,Non-binary,5,1,2018,57
1704,210120.5359,4,Male,4,1,2018,81
1705,66020.86719,5,Non-binary,4,1,2018,84
1706,113306.633,6,Male,4,2,2018,38
1707,5049.437812,7,Female,5,1,2018,63
1708,219324.8326,8,Male,5,4,2018,82
1709,224244.0727,9,Non-binary,5,3,2018,64
1710,29467.20865,10,Female,4,3,2018,59
1711,95905.27295,11,Female,4,2,2018,85
1712,194601.3132,12,Male,6,1,2018,59
1713,175752.9859,13,Non-binary,5,1,2018,71
1714,429469.771,14,Non-binary,5,5,2018,65
1715,27268.83121,15,Male,4,3,2018,41
1716,137742.2769,16,Non-binary,3,5,2018,82
1717,128983.0594,17,Female,6,2,2018,49
1718,223917.9204,18,Female,3,1,2018,38
1719,67139.12628,19,Male,4,3,2018,53
1720,20093.61914,20,Female,6,6,2018,85
1721,28234.87672,21,Non-binary,5,1,2018,81
1722,358786.3716,22,Male,5,1,2018,71
1723,522920.7627,23,Female,4,2,2018,69
1724,83705.30917,24,Female,6,11,2018,87
1725,67048.8446,25,Female,3,1,2018,69
1726,516621.9253,26,Male,4,1,2018,72
1727,81066.27299,27,Male,4,2,2018,64
1728,213157.6528,28,Male,5,5,2018,66
1729,153736.6249,29,Male,5,4,2018,51
1730,38654.24722,30,Female,4,1,2018,44
1731,47130.76364,31,Male,4,2,2018,85
1732,2556.932081,32,Male,4,1,2018,82
1733,248470.4024,33,Non-binary,5,2,2018,71
1734,11761.15598,34,Female,5,4,2018,77
1735,13831.76239,35,Female,4,1,2018,37
1736,372508.7418,36,Female,3,2,2018,60
1737,1968629.262,37,Non-binary,4,2,2018,75
1738,70552.67383,38,Male,5,2,2018,47
1739,17404.273,39,Non-binary,4,3,2018,52
1740,112056.6979,40,Non-binary,5,6,2018,48
1741,15783.37673,41,Non-binary,4,1,2018,43
1742,112886.8364,42,Male,5,2,2018,57
1743,13396.59355,43,Non-binary,5,2,2018,57
1744,31019.47142,44,Male,5,1,2018,55
1745,22074.2312,45,Non-binary,5,2,2018,44
1746,137267.9969,46,Female,4,1,2018,43
1747,125405.163,47,Male,4,3,2018,48
1748,35085.16378,48,Female,4,1,2018,60
1749,46378.31868,49,Male,5,4,2018,50
1750,94749.91954,50,Female,4,5,2018,80
1751,35941.86652,51,Female,5,3,2018,38
1752,147871.8487,52,Female,4,7,2018,59
1753,87548.7076,53,Female,5,3,2018,77
1754,122170.423,54,Male,5,1,2018,42
1755,131599.2355,55,Non-binary,4,1,2018,65
1756,78503.4476,56,Non-binary,6,5,2018,47
1757,30681.43003,57,Female,5,1,2018,43
1758,21164.34738,58,Female,5,2,2018,74
1759,47350.32671,59,Male,5,4,2018,82
1760,46628.19864,60,Male,5,1,2018,55
1761,268994.6283,61,Female,5,1,2018,70
1762,40738.08222,62,Non-binary,4,1,2018,41
1763,205373.5826,63,Female,5,2,2018,56
1764,19066.59556,64,Female,5,2,2018,50
1765,93890.42932,65,Male,5,5,2018,78
1766,11519.34863,66,Female,4,1,2018,59
1767,19147.39372,67,Female,5,1,2018,77
1768,125299.2927,68,Non-binary,4,1,2018,77
1769,93749.79449,69,Female,4,5,2018,77
1770,23403.2694,70,Female,4,1,2018,58
1771,104926.9765,71,Male,4,1,2018,74
1772,57558.6556,72,Male,5,6,2018,68
1773,15802.51307,73,Female,4,21,2018,72
1774,44354.16267,74,Non-binary,5,1,2018,36
1775,38276.66811,75,Male,5,1,2018,60
1776,363119.4493,76,Male,5,2,2018,47
1777,18376.41708,77,Female,4,3,2018,55
1778,52238.26554,78,Male,5,3,2018,67
1779,239127.6012,79,Female,5,1,2018,54
1780,128377.2663,80,Male,4,4,2018,42
1781,31015.21166,81,Female,4,1,2018,48
1782,105675.6756,82,Female,4,1,2018,70
1783,16352.39601,83,Female,5,9,2018,57
1784,45885.39684,84,Female,5,1,2018,76
1785,599427.52,85,Male,5,4,2018,41
1786,267149.865,86,Non-binary,4,2,2018,58
1787,112945.0963,87,Non-binary,4,4,2018,86
1788,3924.180256,88,Female,6,1,2018,82
1789,7342.75668,89,Male,4,8,2018,81
1790,180373.3108,90,Non-binary,5,7,2018,45
1791,48767.96956,91,Male,5,1,2018,43
1792,10255.22093,92,Female,4,2,2018,69
1793,693514.5131,93,Male,5,1,2018,54
1794,483008.2776,94,Female,4,7,2018,69
1795,3787.192316,95,Female,4,1,2018,52
1796,10694.63078,96,Female,4,2,2018,46
1797,4630.151297,97,Female,5,6,2018,76
1798,309320.5233,98,Non-binary,5,2,2018,41
1799,90037.03352,99,Male,5,4,2018,60
1800,130599.2759,100,Male,4,1,2018,62
1801,59656.32393,1,Male,5,4,2019,52
1802,91745.71874,2,Female,4,2,2019,77
1803,20497.39927,3,Non-binary,5,2,2019,58
1804,3439.421732,4,Male,4,2,2019,82
1805,207340.8704,5,Non-binary,4,1,2019,85
1806,92118.6695,6,Male,5,1,2019,39
1807,1916.237722,7,Female,5,2,2019,64
1808,53103.48133,8,Male,5,5,2019,83
1809,87235.86874,9,Non-binary,5,4,2019,65
1810,316724.7795,10,Female,5,4,2019,60
1811,192817.1306,11,Female,4,3,2019,86
1812,132933.6436,12,Male,4,2,2019,60
1813,8188.248225,13,Non-binary,4,2,2019,72
1814,56090.93219,14,Non-binary,4,6,2019,66
1815,15632.0623,15,Male,5,1,2019,42
1816,81384.55779,16,Non-binary,4,1,2019,83
1817,8216.504967,17,Female,5,1,2019,50
1818,32636.63369,18,Female,3,2,2019,39
1819,36089.37592,19,Male,4,4,2019,54
1820,19155.16702,20,Female,5,1,2019,86
1821,82375.35901,21,Non-binary,5,2,2019,82
1822,12397.35244,22,Male,5,2,2019,72
1823,16924.29541,23,Female,5,3,2019,70
1824,199213.238,24,Female,4,12,2019,88
1825,40910.73682,25,Female,3,2,2019,70
1826,100394.2358,26,Male,4,1,2019,73
1827,76539.24788,27,Male,5,1,2019,65
1828,43980.73875,28,Male,5,6,2019,67
1829,98313.66059,29,Male,3,5,2019,52
1830,10532.24608,30,Female,5,1,2019,45
1831,113569.3153,31,Male,4,1,2019,86
1832,27431.44776,32,Male,4,2,2019,83
1833,122395.0682,33,Non-binary,4,1,2019,72
1834,79449.71853,34,Female,5,1,2019,78
1835,26865.88686,35,Female,5,2,2019,38
1836,201985.6154,36,Female,3,1,2019,61
1837,24199.29246,37,Non-binary,5,3,2019,76
1838,141553.7367,38,Male,4,1,2019,48
1839,258045.06,39,Non-binary,5,1,2019,53
1840,21226.18419,40,Non-binary,4,1,2019,49
1841,19322.47131,41,Non-binary,5,2,2019,44
1842,209216.0607,42,Male,4,1,2019,58
1843,35683.52974,43,Non-binary,4,3,2019,58
1844,111434.8748,44,Male,4,2,2019,56
1845,34590.51147,45,Non-binary,4,1,2019,45
1846,99145.39231,46,Female,5,2,2019,44
1847,401582.1878,47,Male,4,4,2019,49
1848,187025.8306,48,Female,4,1,2019,61
1849,132012.5224,49,Male,4,5,2019,51
1850,37514.43848,50,Female,4,1,2019,81
1851,158092.8104,51,Female,6,4,2019,39
1852,47439.92072,52,Female,4,8,2019,60
1853,33209.35758,53,Female,6,4,2019,78
1854,193883.7321,54,Male,4,1,2019,43
1855,64751.42304,55,Non-binary,4,2,2019,66
1856,68985.28222,56,Non-binary,4,6,2019,48
1857,101283.2905,57,Female,4,2,2019,44
1858,140611.8893,58,Female,4,3,2019,75
1859,68444.15747,59,Male,4,5,2019,83
1860,24208.45688,60,Male,3,1,2019,56
1861,26798.75207,61,Female,3,2,2019,71
1862,20259.81485,62,Non-binary,5,2,2019,42
1863,99151.81132,63,Female,5,3,2019,57
1864,37919.77223,64,Female,4,3,2019,51
1865,129612.1164,65,Male,5,6,2019,79
1866,138195.0878,66,Female,4,1,2019,60
1867,476835.048,67,Female,4,2,2019,78
1868,22356.52298,68,Non-binary,4,2,2019,78
1869,25834.83039,69,Female,4,1,2019,78
1870,44595.19094,70,Female,4,2,2019,59
1871,38700.39197,71,Male,5,2,2019,75
1872,105686.4868,72,Male,4,7,2019,69
1873,20139.86359,73,Female,5,1,2019,73
1874,14439.59926,74,Non-binary,4,2,2019,37
1875,220781.037,75,Male,4,1,2019,61
1876,130341.109,76,Male,4,3,2019,48
1877,21330.91816,77,Female,4,4,2019,56
1878,67211.04791,78,Male,4,4,2019,68
1879,19278.94416,79,Female,5,2,2019,55
1880,132426.3617,80,Male,5,1,2019,43
1881,1950.683336,81,Female,5,2,2019,49
1882,19223.98623,82,Female,4,1,2019,71
1883,67653.01463,83,Female,5,10,2019,58
1884,172833.6859,84,Female,6,2,2019,77
1885,861384.3676,85,Male,6,1,2019,42
1886,379191.461,86,Non-binary,5,3,2019,59
1887,43987.09263,87,Non-binary,5,5,2019,87
1888,54535.22904,88,Female,6,2,2019,83
1889,168060.9887,89,Male,5,9,2019,82
1890,268313.8523,90,Non-binary,5,1,2019,46
1891,46101.95143,91,Male,3,2,2019,44
1892,36162.04839,92,Female,4,3,2019,70
1893,103929.7937,93,Male,6,1,2019,55
1894,109211.9372,94,Female,4,8,2019,70
1895,10309.64944,95,Female,5,1,2019,53
1896,9411.790413,96,Female,4,1,2019,47
1897,62354.48099,97,Female,6,1,2019,77
1898,143295.282,98,Non-binary,5,3,2019,42
1899,45394.17821,99,Male,4,5,2019,61
1900,223041.6666,100,Male,5,2,2019,63
1901,102070.7871,1,Male,4,5,2020,53
1902,378863.821,2,Female,4,3,2020,78
1903,121757.2122,3,Non-binary,4,3,2020,59
1904,31671.79575,4,Male,5,3,2020,83
1905,36476.17309,5,Non-binary,5,2,2020,86
1906,40980.65172,6,Male,4,1,2020,40
1907,31503.69915,7,Female,5,3,2020,65
1908,8368.090898,8,Male,5,1,2020,84
1909,582265.7632,9,Non-binary,4,1,2020,66
1910,33634.40015,10,Female,5,1,2020,61
1911,25425.46896,11,Female,4,1,2020,87
1912,105260.4032,12,Male,4,3,2020,61
1913,140059.938,13,Non-binary,5,3,2020,73
1914,394446.8243,14,Non-binary,5,7,2020,67
1915,23576.34561,15,Male,4,2,2020,43
1916,30303.50334,16,Non-binary,4,2,2020,84
1917,7371.351474,17,Female,4,2,2020,51
1918,1799.774875,18,Female,4,1,2020,40
1919,87858.26423,19,Male,4,1,2020,55
1920,22466.67354,20,Female,5,2,2020,87
1921,42511.4152,21,Non-binary,5,3,2020,83
1922,16014.82949,22,Male,4,3,2020,73
1923,71093.07669,23,Female,4,4,2020,71
1924,173566.644,24,Female,4,1,2020,89
1925,123147.0235,25,Female,3,1,2020,71
1926,175288.0834,26,Male,4,1,2020,74
1927,42327.15618,27,Male,4,1,2020,66
1928,132747.9585,28,Male,3,7,2020,68
1929,13848.21878,29,Male,4,6,2020,53
1930,1468.393432,30,Female,3,1,2020,46
1931,233866.5905,31,Male,4,2,2020,87
1932,92167.82628,32,Male,4,3,2020,84
1933,558113.5363,33,Non-binary,4,1,2020,73
1934,80812.00563,34,Female,5,1,2020,79
1935,6192.427624,35,Female,5,3,2020,39
1936,22641.01741,36,Female,4,1,2020,62
1937,312065.4656,37,Non-binary,4,1,2020,77
1938,7679.044006,38,Male,5,1,2020,49
1939,229905.5123,39,Non-binary,4,2,2020,54
1940,6055.429181,40,Non-binary,5,2,2020,50
1941,6902.838719,41,Non-binary,4,3,2020,45
1942,104483.4762,42,Male,5,2,2020,59
1943,24249.67443,43,Non-binary,4,1,2020,59
1944,68750.30353,44,Male,4,3,2020,57
1945,55899.06316,45,Non-binary,5,2,2020,46
1946,15037.26152,46,Female,5,1,2020,45
1947,81842.29033,47,Male,5,5,2020,50
1948,56389.40054,48,Female,5,1,2020,62
1949,51033.95332,49,Male,5,6,2020,52
1950,34251.73817,50,Female,5,2,2020,82
1951,16955.36274,51,Female,6,5,2020,40
1952,9152.067224,52,Female,4,1,2020,61
1953,50766.44069,53,Female,5,5,2020,79
1954,67071.58747,54,Male,4,1,2020,44
1955,109456.4339,55,Non-binary,5,3,2020,67
1956,28405.83735,56,Non-binary,5,7,2020,49
1957,4051.455608,57,Female,5,1,2020,45
1958,64679.85909,58,Female,4,1,2020,76
1959,2685.592955,59,Male,4,6,2020,84
1960,28693.42466,60,Male,4,2,2020,57
1961,35683.98432,61,Female,4,3,2020,72
1962,70181.78383,62,Non-binary,4,3,2020,43
1963,163251.7055,63,Female,3,4,2020,58
1964,21154.71696,64,Female,4,1,2020,52
1965,347061.0732,65,Male,5,7,2020,80
1966,10793.46417,66,Female,4,2,2020,61
1967,32623.01366,67,Female,5,3,2020,79
1968,55899.83272,68,Non-binary,5,3,2020,79
1969,101627.9188,69,Female,4,2,2020,79
1970,62568.19911,70,Female,5,1,2020,60
1971,170272.1476,71,Male,5,3,2020,76
1972,67728.213,72,Male,5,8,2020,70
1973,129732.7738,73,Female,4,2,2020,74
1974,38832.33425,74,Non-binary,4,3,2020,38
1975,88324.38964,75,Male,5,1,2020,62
1976,625479.1925,76,Male,4,4,2020,49
1977,48866.19385,77,Female,4,1,2020,57
1978,212738.1181,78,Male,5,5,2020,69
1979,82444.16394,79,Female,5,3,2020,56
1980,177141.2537,80,Male,4,2,2020,44
1981,6616.044171,81,Female,5,3,2020,50
1982,153859.5812,82,Female,5,1,2020,72
1983,78404.37674,83,Female,5,1,2020,59
1984,356371.8519,84,Female,5,1,2020,78
1985,550366.4564,85,Male,5,1,2020,43
1986,260334.6933,86,Non-binary,3,1,2020,60
1987,34366.37186,87,Non-binary,5,6,2020,88
1988,100273.6563,88,Female,4,1,2020,84
1989,215529.4128,89,Male,5,10,2020,83
1990,62477.87624,90,Non-binary,6,1,2020,47
1991,92487.28186,91,Male,4,3,2020,45
1992,362555.8086,92,Female,4,1,2020,71
1993,170365.55,93,Male,4,1,2020,56
1994,56756.00815,94,Female,5,9,2020,71
1995,40186.07932,95,Female,4,2,2020,54
1996,27054.54652,96,Female,4,1,2020,48
1997,26916.76059,97,Female,4,1,2020,78
1998,62810.77154,98,Non-binary,3,4,2020,43
1999,369920.9095,99,Male,4,6,2020,62
2000,96579.14235,100,Male,5,1,2020,64
